name,generation,price,ubication
Pulsar N250 Fi Abs,2023,13750000 pesos,Antonio Nariño - Bogotá D.C.
Pulsar N250 Fi Abs,2023,13999000 pesos,Antonio Nariño - Bogotá D.C.
Pulsar N250,2023,13999000 pesos,Antonio Nariño - Bogotá D.C.
Pulsar Ns 200 Fi Abs,2023,13399000 pesos,Antonio Nariño - Bogotá D.C.
Pulsar Ns 200 Fi Pulsarmania,2023,12199000 pesos,Engativa - Bogotá D.C.
Triumph Trident,2023,58990000 pesos,Usaquén - Bogotá D.C.
Triumph Street Triple Rs,2023,79990000 pesos,Usaquén - Bogotá D.C.
Dominar 400,2023,17499000 pesos,Engativa - Bogotá D.C.
Pulsar Rs 200 Fi ,2023,13724000 pesos,Teusaquillo - Bogotá D.C.
Dominar 400 Touring Modelo 2023,2023,17674000 pesos,Teusaquillo - Bogotá D.C.
Bajaj Pulsar Ns  200 Fi 2024,2023,11899000 pesos,Antonio Nariño - Bogotá D.C.
Moto Tvs Raider 125  Nueva Bucaramanga,2024,7699999 pesos,Bucaramanga - Santander
Cuatrimoto A Gasolina Para Niños 50cc,2023,2900000 pesos,Medellín - Antioquia
Cuatrimoto Para Niños 50cc A Gasolina Encendido Electrónico,2023,2900000 pesos,Medellín - Antioquia
Yamaha Nmax 1552,2024,18800000 pesos,Floridablanca - Santander
Suzuki Dr 150 Modelo 2023 ,2023,11130000 pesos,Barrios Unidos - Bogotá D.C.
Honda Cb190r 2024 Pereira ,2023,13950000 pesos,Pereira - Risaralda
Honda Cb190r 2024 Barranquilla ,2023,13950000 pesos,Barranquilla - Atlántico
Honda Cb190r 2024 Cartagena ,2023,13950000 pesos,Cartagena De Indias - Bolívar
Honda Cb190r 2024 Medellín ,2023,13950000 pesos,Medellín - Antioquia
Honda Cb190r 2024 7 De Agosto,2023,13950000 pesos,Barrios Unidos - Bogotá D.C.
Honda Cb190r 2024 Cali,2023,13950000 pesos,Cali - Valle Del Cauca
Dominar 400 ,2023,17430000 pesos,Antonio Nariño - Bogotá D.C.
Pulsar Ns 200 Fi Modelo 2024,2023,11899000 pesos,Antonio Nariño - Bogotá D.C.
Dominar 250 2023,2023,14449000 pesos,Teusaquillo - Bogotá D.C.
Moto Cross 110cc Nueva Srm A Gasolina Para Niños,2023,4600000 pesos,Medellín - Antioquia
Motos A Gasolina Para Niños 60cc Nuevas Encendido Electronic,2023,2200000 pesos,Medellín - Antioquia
Pulsar N 250 Fi Abs ,2024,13350000 pesos,Teusaquillo - Bogotá D.C.
Pulsarmania Ns 200 Fi A Credito Bogota ,2024,12199000 pesos,Antonio Nariño - Bogotá D.C.
Bajaj,2023,11624000 pesos,Engativa - Bogotá D.C.
"Honda , Xr 190 L , Modelo 2023",2023,13965000 pesos,Barrios Unidos - Bogotá D.C.
Pulsarmania 180 Fi ,2023,9474000 pesos,Antonio Nariño - Bogotá D.C.
Bajaj Pulsar 180 Fi ,2023,9399000 pesos,Antonio Nariño - Bogotá D.C.
Pulsamania Ns 200 Fi ,2024,12199000 pesos,Teusaquillo - Bogotá D.C.
Boxer 150 X ,2023,6899900 pesos,Antonio Nariño - Bogotá D.C.
Pulsar 180 Fi,2023,9224000 pesos,Antonio Nariño - Bogotá D.C.
Triumph Tiger 1200 Rally Explorer,2023,159990000 pesos,Usaquén - Bogotá D.C.
Dominar 400 Touring 2023,2023,17599000 pesos,Teusaquillo - Bogotá D.C.
Dominar 400 Turing   ,2023,17724000 pesos,Engativa - Bogotá D.C.
Bajaj Pulsar 180 Neon Fi,2023,9274000 pesos,Medellín - Antioquia
Dominar D 250 Touring Accesorizada ,2024,14999000 pesos,Teusaquillo - Bogotá D.C.
Bajaj,2023,9274000 pesos,Antonio Nariño - Bogotá D.C.
Dominar 400 Touring Accesorizada ,2023,18149000 pesos,Antonio Nariño - Bogotá D.C.
Pulsarmania Ns 200 Fi,2023,12199000 pesos,Antonio Nariño - Bogotá D.C.
Pulsar Ns 200 Fi ,2023,11324000 pesos,Barrios Unidos - Bogotá D.C.
Pulsarmania Ns 200,2023,11624000 pesos,Antonio Nariño - Bogotá D.C.
Pulsar Ns 200 Fi A Credito Bogota ,2024,11899000 pesos,Antonio Nariño - Bogotá D.C.
Pulsar Ns 160 Fi 2024,2023,9999000 pesos,Antonio Nariño - Bogotá D.C.
Pulsar Rs 200 Fi Abs ,2023,13649000 pesos,Ciudad Bolívar - Bogotá D.C.
Pulsar Ns 125,2023,7524000 pesos,Antonio Nariño - Bogotá D.C.
Honda Xre300,2023,27800000 pesos,Suba - Bogotá D.C.
  Dominar 250 ,2023,14449000 pesos,Barrios Unidos - Bogotá D.C.
Bajaj Boxer Ct 100 Es ,2024,6350000 pesos,Medellín - Antioquia
Victory Bomber 125 2024,2024,4999000 pesos,Pereira - Risaralda
Honda Xre190 Dlx 2024 Pereira ,2023,17820000 pesos,Pereira - Risaralda
Honda Xre190 Dlx 2024 Barranquilla ,2023,17820000 pesos,Barranquilla - Atlántico
Honda Xre190 Dlx 2024 Cartagena ,2023,17820000 pesos,Cartagena De Indias - Bolívar
Honda Xre190 Dlx 2024 Medellín ,2023,17820000 pesos,Medellín - Antioquia
Honda Xre190 Dlx 2024 7 De Agosto,2023,17820000 pesos,Barrios Unidos - Bogotá D.C.
Honda Xre190 Dlx 2024 Cali,2023,17820000 pesos,Cali - Valle Del Cauca
Honda Dio 110 Dlx 2024 Cali,2023,7595000 pesos,Cali - Valle Del Cauca
Bajaj 2023,2023,13774000 pesos,Engativa - Bogotá D.C.
Pulsarmania Ns 200 Fi Abs,2024,13999000 pesos,Teusaquillo - Bogotá D.C.
Honda Dio Dlx,2024,7595000 pesos,Suba - Bogotá D.C.
Pulsar Ns 200 Fi Abs Modelo 2024,2023,13399000 pesos,Teusaquillo - Bogotá D.C.
Dominar 400,2023,17299000 pesos,Engativa - Bogotá D.C.
Suzuki Gixxer Fi 150 Abs ,2023,11147000 pesos,Barrios Unidos - Bogotá D.C.
"Honda, Xre 300 Dlx Adventure , Modelo 2023 ",2023,29600000 pesos,Barrios Unidos - Bogotá D.C.
Benelli Trk 502x 2023,2023,37990000 pesos,Barrios Unidos - Bogotá D.C.
Pulsar N 250 Fi Abs ,2024,14299000 pesos,Cali - Valle Del Cauca
Bajaj Pulsar Ns 200 Fi,2024,11899000 pesos,Bello - Antioquia
Bajaj Boxer S ,2024,5499000 pesos,Bello - Antioquia
Bajaj Pulsar N250 Fi Abs 2024 Manizales,2023,14350000 pesos,Manizales - Caldas
Pulsar N 250 ,2023,13999000 pesos,Engativa - Bogotá D.C.
Honda Xr190l 2024 Cartagena ,2023,14315000 pesos,Cartagena De Indias - Bolívar
Honda Xr190l 2024 Barranquilla ,2023,14315000 pesos,Barranquilla - Atlántico
Honda Xr190l 2024 Pereira ,2023,14315000 pesos,Pereira - Risaralda
Honda Xr190l 2024 7 De Agosto,2023,14315000 pesos,Barrios Unidos - Bogotá D.C.
Honda Xr190l 2024 Cali,2023,14315000 pesos,Cali - Valle Del Cauca
Boxer Ct 100 Alloy A Credito Bogota ,2024,6449000 pesos,Antonio Nariño - Bogotá D.C.
Dominar 250,2023,14449000 pesos,Cali - Valle Del Cauca
Dominar 400 Touring Ug2,2023,17724000 pesos,Cali - Valle Del Cauca
Pulsar Ns 200 Fi Abs,2024,13324000 pesos,Cali - Valle Del Cauca
Dominar 400 Touring,2023,17724000 pesos,Bogota - Cundinamarca
Pulsar Ns 160 Fi,2023,9299000 pesos,Engativa - Bogotá D.C.
Bajaj  Pulsar Ns 125,2023,7699000 pesos,Antonio Nariño - Bogotá D.C.
Pulsar Ns 200 Fi 2024,2023,11899000 pesos,Cali - Valle Del Cauca
Bajaj Boxer Ct 100 Es 2024,2023,6350000 pesos,Antonio Nariño - Bogotá D.C.
Dominar 250 2023,2022,14499000 pesos,Teusaquillo - Bogotá D.C.
Dominar 400 Ug2 Touring,2024,18149000 pesos,Cali - Valle Del Cauca
Cuatrimoto Srm 125cc 4 Tiempos Ranchera Raptor,2023,7500000 pesos,Medellín - Antioquia
Moto Cross Para Niños A Gasolina Pitbike 60cc Motocross,2023,2200000 pesos,Medellín - Antioquia
Benelli Tnt 150 I 2024,2022,10990000 pesos,Pereira - Risaralda
Victory Life 125 2024,2024,7349000 pesos,Pereira - Risaralda
"Honda Xr 150 L, Modelo 2023",2023,11130000 pesos,Barrios Unidos - Bogotá D.C.
Honda Navi 2024 Barranquilla ,2023,7240000 pesos,Barranquilla - Atlántico
Honda Navi 2024 Cartagena ,2023,7240000 pesos,Cartagena De Indias - Bolívar
Honda Navi 2024 Pereira ,2023,7240000 pesos,Pereira - Risaralda
Honda Navi 2024 Medellín ,2023,7240000 pesos,Medellín - Antioquia
Honda Navi 2024 7 De Agosto,2023,7240000 pesos,Barrios Unidos - Bogotá D.C.
Honda Navi 2024 Cali,2023,7240000 pesos,Cali - Valle Del Cauca
Pulsarmania Ns 200 Fi Abs Modelo 2023 ,2023,13199000 pesos,Ciudad Bolívar - Bogotá D.C.
Dominar 250,2023,14449000 pesos,Teusaquillo - Bogotá D.C.
Dominar 400 Touring,2024,18149000 pesos,Engativa - Bogotá D.C.
Pulsar Ns 200 Fi ,2023,11899000 pesos,Cali - Valle Del Cauca
Pulsar  180  Fi 2023 Bogotá Version Pulsarmania,2022,9474000 pesos,Engativa - Bogotá D.C.
Discover 125 St  2024,2023,7674000 pesos,Antonio Nariño - Bogotá D.C.
Pulsar Ns 200 Fi Pulsarmania,2022,11624000 pesos,Chapinero - Bogotá D.C.
Dominar 250 Cali,2023,14999000 pesos,Cali - Valle Del Cauca
Fatbob 114 ,2022,150800000 pesos,Barranquilla - Atlántico
Bajaj Dominar D400 Pro Touring ,2023,17724000 pesos,Bello - Antioquia
Bajaj Pulsar Ns 200 Fi Abs Pulsarmanía 2024 Pereira,2023,13699000 pesos,Pereira - Risaralda
Bajaj Discover 125 St-r 2024 Manizales,2023,7674000 pesos,Manizales - Caldas
Bajaj Pulsar Ns 200 Fi Abs Pulsarmanía 2024 Manizales,2023,13699000 pesos,Manizales - Caldas
Bajaj Pulsar Ns 200 Fi 2024 Manizales,2023,11899000 pesos,Manizales - Caldas
Bajaj Dominar 400 Touring Abs 2024 Manizales,2023,18149000 pesos,Manizales - Caldas
Xpulse 200 Fi,2023,12049000 pesos,Barrios Unidos - Bogotá D.C.
Honda Pcx 160 Abs 2024 Medellín ,2024,17550000 pesos,Medellín - Antioquia
Honda Pcx 160 Abs 2024 7 De Agosto,2024,17550000 pesos,Barrios Unidos - Bogotá D.C.
Suzuki Gixxer Sf Fi Abs 150 Modelo 2024,2024,12097000 pesos,Barrios Unidos - Bogotá D.C.
Honda Xr150l 2024 Pereira ,2023,11130000 pesos,Pereira - Risaralda
Honda Xr150l 2024 Barranquilla ,2023,11130000 pesos,Barranquilla - Atlántico
Honda Xr150l 2024 Cartagena,2023,11130000 pesos,Cartagena De Indias - Bolívar
Honda Xr150l 2024 Medellín ,2023,11130000 pesos,Medellín - Antioquia
Honda Xr150l 2024 7 De Agosto,2023,11130000 pesos,Barrios Unidos - Bogotá D.C.
Honda Xr150l 2024 Cali,2023,11130000 pesos,Cali - Valle Del Cauca
Pulsar N250,2024,14390000 pesos,Medellín - Antioquia
Honda Pcx 160 Abs 2024 Cali,2024,17550000 pesos,Cali - Valle Del Cauca
Discover 125,2023,7424000 pesos,Engativa - Bogotá D.C.
Dominar D400 Touring 2024,2024,18149000 pesos,Teusaquillo - Bogotá D.C.
Pulsar Ns 200 Pulsarmania,2024,12199000 pesos,Medellín - Antioquia
Discover 125 St-r,2024,7750000 pesos,Engativa - Bogotá D.C.
"Honda , Pcx 150 Dlx, Modelo 2023 ",2023,16300000 pesos,Barrios Unidos - Bogotá D.C.
Tvs Raider 2024,2024,7699999 pesos,Barrios Unidos - Bogotá D.C.
Bajaj Boxer Ct 125,2024,6850000 pesos,Medellín - Antioquia
Ktm Duke 200 Cc  Nueva Bucaramanga,2023,14590000 pesos,Bucaramanga - Santander
Pulsar N 250,2023,13750000 pesos,Engativa - Bogotá D.C.
Pulsar Rs 200 Fi Abs,2023,13774000 pesos,Teusaquillo - Bogotá D.C.
Pulsar Ns 125 Cali ,2024,7699000 pesos,Cali - Valle Del Cauca
Bajaj Discover 125 St-r,2024,7750000 pesos,Medellín - Antioquia
Ktm Rc 200 Ng,2023,20990000 pesos,Barrios Unidos - Bogotá D.C.
Tvs Apache 200 2024,2022,11399999 pesos,Barrios Unidos - Bogotá D.C.
Cuatrimoto 110cc Niño 4 Tiempos Gasolina,2022,4899900 pesos,Pereira - Risaralda
Brp Can Am Maverick Trail,2023,99990000 pesos,Chapinero - Bogotá D.C.
Yamaha Xtz 250 Modelo 2024 0 Km ,2024,25100000 pesos,Medellín - Antioquia
Bajaj Dominar D400,2023,17574000 pesos,Bello - Antioquia
Bajaj Pulsar Ns 200 Fi  2024 Pereira,2023,11899000 pesos,Manizales - Caldas
Bajaj Discover 125 St- R 2024 Pereira,2023,7674000 pesos,Pereira - Risaralda
Can-am Maverick X3 Rs Turbo Rr,2023,244791000 pesos,Medellín - Antioquia
Hunk 160r,2023,9999000 pesos,Barrios Unidos - Bogotá D.C.
Honda Cb 125f,2024,3491300 pesos,Suba - Bogotá D.C.
Honda Pcx 160 Abs 2024 Pereira ,2024,17550000 pesos,Pereira - Risaralda
Seatmo125,2023,34490000 pesos,Engativa - Bogotá D.C.
Honda Xre300 Abs Dlx 2024 Pereira ,2023,31100000 pesos,Pereira - Risaralda
Honda Xre300 Abs Dlx 2024 Barranquilla ,2023,31100000 pesos,Barranquilla - Atlántico
Honda Xre300 Abs Dlx 2024 Cartagena ,2023,31100000 pesos,Cartagena De Indias - Bolívar
Honda Xre300 Abs Dlx 2024 Medellín ,2023,31100000 pesos,Medellín - Antioquia
Honda Xre300 Abs Dlx 2024 7 De Agosto,2023,31100000 pesos,Barrios Unidos - Bogotá D.C.
Honda Xre300 Abs Dlx 2024 Cali,2023,31100000 pesos,Cali - Valle Del Cauca
Honda Wave110s 2024 Pereira ,2023,7770000 pesos,Pereira - Risaralda
Honda Wave110s 2024 Barranquilla ,2023,7770000 pesos,Barranquilla - Atlántico
Honda Wave110s 2024 Cartagena ,2023,7770000 pesos,Cartagena De Indias - Bolívar
Honda Wave110s 2024 Medellín ,2023,7770000 pesos,Medellín - Antioquia
Honda Wave110s 2024 7 De Agosto,2023,7770000 pesos,Barrios Unidos - Bogotá D.C.
Honda Wave110s 2024 Cali,2023,7770000 pesos,Cali - Valle Del Cauca
Honda Xr190l 2024 Medellín ,2023,14315000 pesos,Medellín - Antioquia
Boxer 150 X,2024,6899000 pesos,Antonio Nariño - Bogotá D.C.
Honda Xblade160 Abs 2024 Medellín,2023,11600000 pesos,Medellín - Antioquia
Honda Xblade160 Abs 2024 Pereira,2023,11600000 pesos,Pereira - Risaralda
Honda Xblade160 Abs 2024 Cartagena,2023,11600000 pesos,Cartagena De Indias - Bolívar
Honda Xblade160 Abs 2024 Barranquilla,2023,11600000 pesos,Barranquilla - Atlántico
Honda Xblade160 Abs 2024 7 De Agosto,2023,11600000 pesos,Barrios Unidos - Bogotá D.C.
Honda Xblade160 Abs 2024 Cali,2023,11600000 pesos,Cali - Valle Del Cauca
Honda Cb125f 2024 Cali.,2023,7500000 pesos,Cali - Valle Del Cauca
Honda Cb125f 2024 Pereira ,2023,7500000 pesos,Pereira - Risaralda
Honda Cb125f 2024 Barranquilla,2023,7500000 pesos,Barranquilla - Atlántico
Honda Cb125f 2024 Cartagena ,2023,7500000 pesos,Cartagena De Indias - Bolívar
Honda Cb125f 2024 Medellín,2023,7500000 pesos,Medellín - Antioquia
Honda Cb125f 2024 7 De Agosto,2023,7500000 pesos,Barrios Unidos - Bogotá D.C.
Pulsar Ns 125 ,2023,7524000 pesos,Engativa - Bogotá D.C.
Honda Cb125f 2024 Popayán,2023,7500000 pesos,Popayán - Cauca
Pulsar Ns 200 Fi ,2023,11199000 pesos,Ciudad Bolívar - Bogotá D.C.
Boxer Ct 125,2023,6549000 pesos,Bogota - Cundinamarca
Lleva Tu Nueva Moto Bajaj Cero Kilómetros,2023,11624000 pesos,Engativa - Bogotá D.C.
Pulsar Ns 200 Fi,2024,11899000 pesos,Engativa - Bogotá D.C.
Svartpilen 200. Nuevo Color ,2023,17990000 pesos,Kennedy - Bogotá D.C.
Ktm 200 Duke Acc ,2023,14590000 pesos,Kennedy - Bogotá D.C.
Apache 200 Fi Abs La Mas Completa En Su Segmento ,2023,13599000 pesos,Kennedy - Bogotá D.C.
"Honda, Cb 190 R, Modelo 2023 ",2023,13750000 pesos,Barrios Unidos - Bogotá D.C.
Benelli Trk 251 2022,2022,21490000 pesos,Barrios Unidos - Bogotá D.C.
Dominar 400 Touring Ug2,2023,17724000 pesos,Cali - Valle Del Cauca
Discover Str 125 Credito Para Moto Valle Cali,2023,7424000 pesos,Cali - Valle Del Cauca
Dominar 400 Pro Touring,2023,18149000 pesos,Cali - Valle Del Cauca
Pulsar Ns 200 Fi 2023,2023,11899000 pesos,Engativa - Bogotá D.C.
Bajaj Pulsar Ns 200 Fi 2024 Edicion Pulsar Mania,2023,12199000 pesos,Antonio Nariño - Bogotá D.C.
Pulsar 180 Fi Neon Bajaj,2023,9274000 pesos,Engativa - Bogotá D.C.
Dominar 400 2023 Bogotá,2022,17574000 pesos,Engativa - Bogotá D.C.
Pulsar Ns 200 Fi Abs 2023 Bogotá,2022,13024000 pesos,Engativa - Bogotá D.C.
Pulsar 180 Fi Gt,2023,9274000 pesos,Engativa - Bogotá D.C.
Duke 200 Ng 2023,2023,16990000 pesos,Barrios Unidos - Bogotá D.C.
Moto Victory Zontes 155 U Nueva Bucaramanga,2024,15490000 pesos,Bucaramanga - Santander
Moto Ktm 200 Duke Ng Nueva Bucaramanga,2023,16990000 pesos,Bucaramanga - Santander
Tvs Apache 200 Fi Abs 2024,2023,13299999 pesos,Usaquén - Bogotá D.C.
Tvs Apache 160 4v 2024,2024,9699999 pesos,Barrios Unidos - Bogotá D.C.
Moto Cross Highper 50cc 2tiempos Gasolina,2023,6200000 pesos,Medellín - Antioquia
Bajaj Boxer Ct 100 Es ,2024,6350000 pesos,Bello - Antioquia
Bajaj Pulsar N250,2023,13999000 pesos,Bello - Antioquia
Bajaj Discover 125 St R ,2023,7750000 pesos,Bello - Antioquia
Ducati Multistrada V4 Pikes Peak 2023,2023,173000000 pesos,Medellín - Antioquia
Honda Dio 110 - 2023,2023,7400000 pesos,Usaquén - Bogotá D.C.
Honda Cb125f 2024 - 0km,2024,7500000 pesos,Usaquén - Bogotá D.C.
Yamaha Ycz110 Modelo 2024,2024,6600000 pesos,Medellín - Antioquia
Motocicleta Aprilia Tuono V4 1100 2022 Nueva 0km Disponible,2022,94990000 pesos,Suba - Bogotá D.C.
Honda Xr 190l 0km - 2024,2023,14315000 pesos,Usaquén - Bogotá D.C.
Vespa Vxl 150cc Azul 2023,2023,14990000 pesos,Chapinero - Bogotá D.C.
Motocarro Ayco Tipo Volqueta Doble Llanta ,2023,23900000 pesos,Engativa - Bogotá D.C.
Dominar 400 Pro Touring ,2023,17724000 pesos,Medellín - Antioquia
Benelli 180 S 2023,2023,12949000 pesos,Kennedy - Bogotá D.C.
Bomber 125,2023,5349000 pesos,Kennedy - Bogotá D.C.
Boxer 150x,2024,6899000 pesos,Medellín - Antioquia
Motocicleta Aprilia Rs660 Lava Red 2022 0km Disponible ,2022,69989000 pesos,Suba - Bogotá D.C.
Yamaha Fz-15 Black Gold  Edición Exclusiva Modelo 2024,2024,10850000 pesos,Medellín - Antioquia
Eco Deluxe Cw Hero 2023,2022,5990000 pesos,Popayán - Cauca
Pulsar Ns 200 Fi Abs,2024,13399000 pesos,Medellín - Antioquia
Victory Black 171 2024,2023,12990000 pesos,Kennedy - Bogotá D.C.
Moto Cross 50cc Para Niños A Gasolina,2023,2200000 pesos,Medellín - Antioquia
Yamaha Crypton Dark Edición Especial Modelo 2024,2024,8520000 pesos,Medellín - Antioquia
Honda Xr 150l- 2023,2023,11130000 pesos,Usaquén - Bogotá D.C.
Bajaj Pulsar Ns 160 Fi ,2024,9999000 pesos,Medellín - Antioquia
Bajaj Boxer S,2024,5499000 pesos,Medellín - Antioquia
Bajaj Dominar 250 ,2023,14449000 pesos,Medellín - Antioquia
Bajaj Dominar 400,2023,17574000 pesos,Medellín - Antioquia
Motocarro Torito Sencillo 2023 ,2022,16700000 pesos,Engativa - Bogotá D.C.
Remolque Para Motos ,2023,8500000 pesos,Engativa - Bogotá D.C.
Hero Xpulse 200 Fi Advance - 2024,2024,12399000 pesos,Puente Aranda - Bogotá D.C.
Pulsar Ns 200 Fi Abs Pulsarmania,2023,13324000 pesos,Engativa - Bogotá D.C.
Polaris Rzr 1000 Xp 2022,2022,164900000 pesos,Pereira - Risaralda
Pulsar 180 Fi,2023,9274000 pesos,Bogota - Cundinamarca
Yamaha Szrr 2.0 Dark Edición Especial Modelo 2024,2024,9600000 pesos,Medellín - Antioquia
Moto Eléctrica Aima ,2022,9990000 pesos,Kennedy - Bogotá D.C.
Yamaha Fz 150 Edicion Especial Black Gold Modelo 2024 0 Km ,2024,10850000 pesos,Medellín - Antioquia
Tvs Apache Rtr 200 4v  Xconnect Nueva Bucaramanga,2023,11499999 pesos,Bucaramanga - Santander
Bajaj Boxer Ct 100 Ks ,2024,5999000 pesos,Medellín - Antioquia
Yamaha Xtz 250 Nuevo Diseño  Modelo 2024,2024,25500000 pesos,Medellín - Antioquia
Yamaha Fz 150 Modelo 2024 0 Km ,2024,10600000 pesos,Medellín - Antioquia
Bajaj Pilsarmania Ns 160 Fi - 2024,2024,10299000 pesos,Puente Aranda - Bogotá D.C.
Suzuki Gixxer 250 - 2024,2024,15580000 pesos,Puente Aranda - Bogotá D.C.
Bajaj Pulsar Ns 200 Fi - 2024 ,2024,11899000 pesos,Puente Aranda - Bogotá D.C.
 Bajaj Dominar 400 Touring,2024,18149000 pesos,Puente Aranda - Bogotá D.C.
Motocarro Con Gato Hidráulico Natsuki  2023,2023,18090000 pesos,Barranquilla - Atlántico
Suzuki Gixxer Fi 150 Abs  - 2024,2024,14860000 pesos,Puente Aranda - Bogotá D.C.
Suzuki Dr 150 - 2024,2024,11130000 pesos,Puente Aranda - Bogotá D.C.
Suzuki Gixxer Fi 150 Abs,2024,11147000 pesos,Puente Aranda - Bogotá D.C.
Yamaha Nmax Connect,2023,17600000 pesos,Medellín - Antioquia
Bajaj,2023,11324000 pesos,Antonio Nariño - Bogotá D.C.
Moto Eléctrica Qs Vesper ,2022,6000000 pesos,Kennedy - Bogotá D.C.
Moto Eléctrica Mika,2022,5100000 pesos,Kennedy - Bogotá D.C.
Bicicleta Eléctrica 350 W,2022,3500000 pesos,Kennedy - Bogotá D.C.
Moto Eléctrica Qs Tritón,2022,4500000 pesos,Kennedy - Bogotá D.C.
Dominar 400 Touring Modelo 2023,2023,17724000 pesos,Engativa - Bogotá D.C.
Automaticas Suzuki,2023,7709000 pesos,Bogota - Cundinamarca
Motocarro Forza Con Cabina 2022,2023,18390000 pesos,Barranquilla - Atlántico
Yamaha Fz 150 2024,2024,10500000 pesos,Antonio Nariño - Bogotá D.C.
Harley Davidson Fatboy 114,2022,154800000 pesos,Medellín - Antioquia
Akt Ttds  200 Rally 2024 ¡llévala Con Bono De $300.000!,2023,9690000 pesos,Medellín - Antioquia
Moto Pitbike Enduro Motocross Apollo Aiii 190cc Plr,2023,12499900 pesos,Usaquén - Bogotá D.C.
Moto Victory Switch 150cc Nueva Bucaramanga,2023,8439000 pesos,Bucaramanga - Santander
Harley Davidson Pan America Special Enthusiast,2022,164800000 pesos,Medellín - Antioquia
Akt Nkd 125 2024,2024,5600000 pesos,Antonio Nariño - Bogotá D.C.
Motocross Para Niño,2022,1700000 pesos,Antonio Nariño - Bogotá D.C.
Motocross Para Niño,2022,1700000 pesos,Antonio Nariño - Bogotá D.C.
Yamaha Ybr 125 2024,2024,8300000 pesos,Antonio Nariño - Bogotá D.C.
Harley Davidson Sportglide 107,2022,129800000 pesos,Medellín - Antioquia
Harley Davidson Fatbob 114,2022,154800000 pesos,Medellín - Antioquia
Apache 160 4v Modelo 2024 ¡finánciala Solo Con Tu Cedula!,2023,9699999 pesos,Medellín - Antioquia
Moto Enduro - Victory Mrx- 125cc Nueva Bucaramanga,2024,8339000 pesos,Bucaramanga - Santander
Highper 110cc,2023,5700000 pesos,Medellín - Antioquia
Harley Davidson Fat Boy 114,2022,150800000 pesos,Barranquilla - Atlántico
Motocarro Cabinado Natsuki 2023,2023,20590000 pesos,Barranquilla - Atlántico
Honda Xre 300,2023,24800000 pesos,Medellín - Antioquia
Dash 125 Fi,2022,7990000 pesos,Popayán - Cauca
Boxer Ct 100 Ks Modelo 2024 ¡aprovecha Bono $300.000! ,2023,5999000 pesos,Medellín - Antioquia
Tvs Sport 100 Els 2024 ¡financiala Con Tu Cedula! ,2023,6349999 pesos,Medellín - Antioquia
Duke 200 2023 ¡la Mejor Opcion Para Estrenar!,2023,14590000 pesos,Medellín - Antioquia
Cuatrimoto Moto Plr 125cc Ranchera Motor 4t,2023,6899900 pesos,Usaquén - Bogotá D.C.
Cuatrimoto Plr 125cc Raptor Semiautomatica Motor 4t,2023,6699900 pesos,Usaquén - Bogotá D.C.
Cuatrimoto 200cc Commander Ranchera 2022 Polar P L R,2023,11999900 pesos,Usaquén - Bogotá D.C.
Yamaha Crypton  Fi Modelo 2024 0 Km,2024,8400000 pesos,Medellín - Antioquia
 Yamaha Fz25  Modelo 2024 0 Km,2024,15450000 pesos,Medellín - Antioquia
Mrx Arizona 200 Modelo 2024 ¡fácil Financiación!,2024,11490000 pesos,Medellín - Antioquia
Polaris ,2022,65000000 pesos,Barrios Unidos - Bogotá D.C.
Moto Cuatrimoto Plr Raptor 200 Cc,2022,11999900 pesos,Pereira - Risaralda
Harley Davidson Fatbob ,2022,154800000 pesos,Medellín - Antioquia
Aprilia Sr 160 Motard Abs Modelo 2023,2023,13490000 pesos,Suba - Bogotá D.C.
Harley Davidson Road King,2022,150800000 pesos,Barranquilla - Atlántico
Moto Guzzi V7 Stone 850 ,2022,64990000 pesos,Suba - Bogotá D.C.
Motocarro Furgon Aluminio Natsuki ,2023,22140000 pesos,Barranquilla - Atlántico
Dominar 400 Touring 2024 ¡llévala Con Bono De $400.000!,2023,18149000 pesos,Medellín - Antioquia
Dominar 400 Pro Sport,2023,17574000 pesos,Medellín - Antioquia
Cuatrimoto Apollo Cuatrimoto Raptor,2023,6900000 pesos,Medellín - Antioquia
Yamaha Fz-15 Storm Edición Exclusiva Modelo 2024,2024,11050000 pesos,Medellín - Antioquia
Yamaha Fz 25 Abs Panda Edición Exclusiva Modelo 2024,2024,15550000 pesos,Medellín - Antioquia
Cuatrimoto 110cc Niño 4 Tiempos Gasolina Plr,2023,4899900 pesos,Usaquén - Bogotá D.C.
Bajaj Pulsar N250 - 2024,2024,13999000 pesos,Puente Aranda - Bogotá D.C.
Motocarro Forza Natsuki 2022 ,2023,15890000 pesos,Barranquilla - Atlántico
Harley -davidson-107 Flsb,2022,134800000 pesos,Barranquilla - Atlántico
Honda Dio 110 Dlx 2024 Pereira ,2023,7595000 pesos,Pereira - Risaralda
Honda Dio 110 Dlx 2024 Cartagena ,2023,7595000 pesos,Cartagena De Indias - Bolívar
Honda Dio 110 Dlx 2024 Barranquilla ,2023,7595000 pesos,Barranquilla - Atlántico
Honda Dio 110 Dlx 2024 Medellín ,2023,7595000 pesos,Medellín - Antioquia
Honda Dio 110 Dlx 2024 7 De Agosto,2023,7595000 pesos,Barrios Unidos - Bogotá D.C.
Vespa Sprint 150 Edición Especial 2023,2023,39990000 pesos,Suba - Bogotá D.C.
Harley Davidson Pan América Special 1250,2022,161800000 pesos,Medellín - Antioquia
Harley-david Street Glide 114,2022,187800000 pesos,Medellín - Antioquia
Harley Davidson Road King,2022,151800000 pesos,Medellín - Antioquia
Hero Eco Deluxe Cw Mejorada!!!,2022,6190000 pesos,Popayán - Cauca
Apollo 2022,2023,8400000 pesos,Medellín - Antioquia
 Yamaha Fz25 Edicion Especial Storm Modelo 2024 0km,2024,15900000 pesos,Medellín - Antioquia
Yamaha Fz-s 150 2.0 Modelo 2024,2024,10600000 pesos,Medellín - Antioquia
Suzuki Gixxer Sf Fi  250 Abs,2024,16330000 pesos,Teusaquillo - Bogotá D.C.
Motocarro Natsuki Estaca Con Cabina,2023,23940000 pesos,Barranquilla - Atlántico
Suzuki Access 125cc 2021  - Financiable,2022,10147000 pesos,Teusaquillo - Bogotá D.C.
Cuatrimoto 250cc Raptor 2023 Nuevas Plr,2023,15999900 pesos,Usaquén - Bogotá D.C.
Ycf  88cc Star Pitbike Enduro Cross Supermotard  ,2022,4900000 pesos,Medellín - Antioquia
Flfbs Fatboy 114,2022,150800000 pesos,Barranquilla - Atlántico
Ktm 2022,2022,17524306 pesos,Medellín - Antioquia
Yamaha Ybrz 125 Modelo 2024 0 Km ,2024,8400000 pesos,Medellín - Antioquia
Cuatrimoto Plr Raptor 200cc Mecánica Motor 4t,2023,11999900 pesos,Usaquén - Bogotá D.C.
Moto Kymco Twist 125cc Nueva Bucaramanga,2023,7419000 pesos,Bucaramanga - Santander
Vespa Vxl 150cc Con Frenos Abs,2023,14990000 pesos,Manizales - Caldas
Motor 250cc Natsuki,2023,2737000 pesos,Barranquilla - Atlántico
 Yamaha Szrr 150 Edicion Especial Dark  Modelo 2024 0 Km ,2024,9450000 pesos,Medellín - Antioquia
Aprilia Rs 660cc,2022,69990000 pesos,Manizales - Caldas
Aprilia Tuareg 660cc,2022,74990000 pesos,Manizales - Caldas
Motor Natsuki 300cc Refrigerado Por Agua,2023,3213000 pesos,Barranquilla - Atlántico
Dominar 250 Touring,2023,14449000 pesos,Engativa - Bogotá D.C.
Discover 125 St-r,2024,7750000 pesos,Antonio Nariño - Bogotá D.C.
Kymco Agility Fusión ,2024,10499000 pesos,Medellín - Antioquia
Dominar 400 Touring,2023,17724000 pesos,Antonio Nariño - Bogotá D.C.
Pulsarmania Ns 200 Fi 2024,2023,12199000 pesos,Antonio Nariño - Bogotá D.C.
Pulsar N250 ,2023,14350000 pesos,Antonio Nariño - Bogotá D.C.
Discover St 125,2023,7424000 pesos,Engativa - Bogotá D.C.
Pulsar 180 Fi ,2023,9274000 pesos,Engativa - Bogotá D.C.
Pulsar Ns 200 Fi Pulsar Mania,2023,11624000 pesos,Engativa - Bogotá D.C.
Boxer Ct 100 Es,2023,5849000 pesos,Teusaquillo - Bogotá D.C.
Bajaj Discover 125 2024,2022,7674000 pesos,Antonio Nariño - Bogotá D.C.
Bajaj Dominar 250  Pro Sport ,2023,14849000 pesos,Antonio Nariño - Bogotá D.C.
Dominar 250 Fi Abs 2023 Gris Piedra Touring,2023,14724000 pesos,Antonio Nariño - Bogotá D.C.
Nueva Boxer 150x 2024 Negro Gris/azul,2023,6899000 pesos,Antonio Nariño - Bogotá D.C.
Dominar 400 Touring  Verde Army 2024,2023,18149000 pesos,Antonio Nariño - Bogotá D.C.
Honda Xblade 2024,2024,3742440 pesos,Usaquén - Bogotá D.C.
Triumph Bonneville T100,2023,79990000 pesos,Medellín - Antioquia
Honda Cb190r 2024 Tolima ,2023,13950000 pesos,Ibagué - Tolima
Honda Cb190r 2024 Popayán ,2023,13950000 pesos,Popayán - Cauca
Honda Cb190r 2024 Bucaramanga ,2023,13950000 pesos,Bucaramanga - Santander
Honda Cb190r 2024 Cedritos,2023,13950000 pesos,Usaquén - Bogotá D.C.
Honda Cb190r 2024 Venecia,2023,13950000 pesos,Tunjuelito - Bogotá D.C.
Pulsar 180 Fi 2024,2023,9399000 pesos,Antonio Nariño - Bogotá D.C.
Bajaj Pulsar Ns200 Abs  2023,2023,13399000 pesos,Antonio Nariño - Bogotá D.C.
Bajaj  Dominar 400 Pro Accesorizada 2024,2023,18149000 pesos,Antonio Nariño - Bogotá D.C.
 Dominar 400 Cali,2023,17999000 pesos,Cali - Valle Del Cauca
Pulsar Ns 160 Fi Abs Cali,2024,10499000 pesos,Cali - Valle Del Cauca
Pulsar N 160 Fi Abs ,2024,10799000 pesos,Teusaquillo - Bogotá D.C.
Pulsar N 250,2023,14350000 pesos,Antonio Nariño - Bogotá D.C.
"Honda Cb 125 F , Modelo 2024",2024,7500000 pesos,Barrios Unidos - Bogotá D.C.
"Honda Xre 190, Modelo 2023",2023,17820000 pesos,Barrios Unidos - Bogotá D.C.
Discover St 125,2023,7424000 pesos,Antonio Nariño - Bogotá D.C.
Honda Cb190r 2024 Huila,2023,13950000 pesos,Neiva - Huila
Triumph Trident,2023,58990000 pesos,Medellín - Antioquia
Pulsar Ns 200 Fi,2023,11324000 pesos,Antonio Nariño - Bogotá D.C.
Dominar 250 ,2023,14449000 pesos,Engativa - Bogotá D.C.
Bajaj Ns160 Fi Abs,2023,10499000 pesos,Antonio Nariño - Bogotá D.C.
Dominar D400 Financiada,2023,17300000 pesos,Engativa - Bogotá D.C.
Pulsar N160 Fi Dual Abs 2024 Plata Mate,2024,10799000 pesos,Antonio Nariño - Bogotá D.C.
Motocarro Ceronte Tricargo 200cc Nueva Bucaramanga,2024,15990000 pesos,Bucaramanga - Santander
Honda Xr190l,2024,14315000 pesos,Usaquén - Bogotá D.C.
Honda Navi,2024,2429460 pesos,Suba - Bogotá D.C.
Pulsar Rs 200 Fi Abs,2023,13999000 pesos,Antonio Nariño - Bogotá D.C.
Pulsar 180 Fi Modelo 2023 ,2023,9149000 pesos,Ciudad Bolívar - Bogotá D.C.
Pulsar Ns 200 Fi Abs,2023,13024000 pesos,Antonio Nariño - Bogotá D.C.
Boxer 150x Modelo 2024,2023,6899000 pesos,Chapinero - Bogotá D.C.
Discover 125 St-r Pro 2023,2023,7474000 pesos,Teusaquillo - Bogotá D.C.
Pulsar 180 Fi 2023 Pulsarmania,2023,9349000 pesos,Teusaquillo - Bogotá D.C.
Dominar 250 2023,2023,14449000 pesos,Engativa - Bogotá D.C.
Yamaha T-max  Modelo 2023 0km,2023,85000000 pesos,Medellín - Antioquia
Bóxer Bm 150 X ,2024,6899000 pesos,Teusaquillo - Bogotá D.C.
Bajaj Boxer Ct 100 Es 2024 Manizales,2023,6350000 pesos,Manizales - Caldas
Triumph Tiger 1200 Rally Explorer,2023,159990000 pesos,Medellín - Antioquia
Pulsar 180 Fi Pro A Credito Bogota ,2024,9649000 pesos,Antonio Nariño - Bogotá D.C.
Pulsar Rs 200 2023,2023,13774000 pesos,Antonio Nariño - Bogotá D.C.
Boxer Ct 125,2024,6850000 pesos,Engativa - Bogotá D.C.
Bajaj Discover S-t-r 125 Modelo 2023,2023,7424000 pesos,Engativa - Bogotá D.C.
Discover 125 St,2023,7750000 pesos,Teusaquillo - Bogotá D.C.
Pulsar Rs 200 Fi Abs 2023,2023,13774000 pesos,Teusaquillo - Bogotá D.C.
Pulsar Ns 200 Fi Abs 2023 Pulsarmania,2023,13324000 pesos,Teusaquillo - Bogotá D.C.
Pulsar Ns 200 Fi,2023,10999000 pesos,Engativa - Bogotá D.C.
"Honda Pcx 160 Abs , Modelo 2024",2024,17550000 pesos,Barrios Unidos - Bogotá D.C.
Pulsar 180 Fi ,2023,9274000 pesos,Antonio Nariño - Bogotá D.C.
Dominar 400 ,2023,17499000 pesos,Engativa - Bogotá D.C.
Pulsar 160 Fi Bajaj Abs,2023,10499000 pesos,Cali - Valle Del Cauca
Boxer Ct 100 Es 2023 Bogotá,2023,5849000 pesos,Engativa - Bogotá D.C.
Pulsar  160 Fi Abs 2023 Bogotá,2022,10074000 pesos,Engativa - Bogotá D.C.
Discover St 125 Credito ,2023,7424000 pesos,Engativa - Bogotá D.C.
Cross 60cc A Gasolina Para Niños Pitbike,2023,2200000 pesos,Medellín - Antioquia
Yamaha Mt 15 Modelo 2024 O Km,2023,16000000 pesos,Medellín - Antioquia
Seat Mó*,2023,34490000 pesos,Suba - Bogotá D.C.
Pulsar 180 Fi,2023,9399000 pesos,Antonio Nariño - Bogotá D.C.
Pulsarmania 160 Fi ,2023,10299000 pesos,Antonio Nariño - Bogotá D.C.
Pulsar Ns 160 Fi Abs ,2023,10499000 pesos,Antonio Nariño - Bogotá D.C.
Pulsar Ns 125 ,2023,7699000 pesos,Antonio Nariño - Bogotá D.C.
Vstrom 650 Modelo 2024,2024,51209000 pesos,Barrios Unidos - Bogotá D.C.
Pulsar Ns 200 Fi,2023,11324000 pesos,Antonio Nariño - Bogotá D.C.
Dominar 400,2023,17599000 pesos,Antonio Nariño - Bogotá D.C.
Pulsar Ns 200 Fi,2024,11899000 pesos,Antonio Nariño - Bogotá D.C.
Dominar 400 A Credito Bogota ,2024,17999000 pesos,Antonio Nariño - Bogotá D.C.
Pulsar 180 Fi Pulsarmania ,2023,9474000 pesos,Engativa - Bogotá D.C.
Pulsar Ns 160 Fi ,2023,9499000 pesos,Ciudad Bolívar - Bogotá D.C.
Bajaj Boxer Ct 125 ,2023,6549000 pesos,Engativa - Bogotá D.C.
Pulsar Ns 160 Fi ,2023,9574000 pesos,Teusaquillo - Bogotá D.C.
Moto Pulsar Ns 200 Fi Abs Pulsarmania 2023,2023,13699000 pesos,Teusaquillo - Bogotá D.C.
Pulsar 160 Fi 2023,2023,9299000 pesos,Teusaquillo - Bogotá D.C.
Suzuki Gsx -r 150 Abs 2023 ,2023,14860000 pesos,Barrios Unidos - Bogotá D.C.
Pulsar Ns 160 Fi Abs ,2023,10074000 pesos,Suba - Bogotá D.C.
Dominar 250  Cali,2023,14999000 pesos,Cali - Valle Del Cauca
Motos Para Niños A Gasolina 110cc Motocross Pitbike 4 Tiempo,2023,4600000 pesos,Medellín - Antioquia
Nuena Pulsa N 160 Fi Dual,2024,10999000 pesos,Antonio Nariño - Bogotá D.C.
Bajaj Pulsar Ns 160 Fi 2024 Manizales,2023,9999000 pesos,Manizales - Caldas
Pulsarmania Ns 125 ,2023,7899000 pesos,Antonio Nariño - Bogotá D.C.
Pulsar Ns 200 Fi Abs Bajaj,2023,12974000 pesos,Engativa - Bogotá D.C.
Honda Xre190 Dlx 2024 Cedritos,2023,17820000 pesos,Usaquén - Bogotá D.C.
Honda Xre190 Dlx 2024 Huila ,2023,17820000 pesos,Neiva - Huila
Honda Xre190 Dlx 2024 Tolima ,2023,17820000 pesos,Ibagué - Tolima
Honda Xre190 Dlx 2024 Popayán,2023,17820000 pesos,Popayán - Cauca
Honda Xre190 Dlx 2024 Venecia,2023,17820000 pesos,Tunjuelito - Bogotá D.C.
Honda Xre190 Dlx 2024 Bucaramanga ,2023,17820000 pesos,Bucaramanga - Santander
Pulsar 125,2023,7699000 pesos,Antonio Nariño - Bogotá D.C.
Triumph Street Triple Rs,2023,79990000 pesos,Medellín - Antioquia
Pulsar Ns 200 Fi Abs A Credito Bogota ,2024,13399000 pesos,Antonio Nariño - Bogotá D.C.
Pulsar Ns 125 A Credito Bogota ,2024,7699000 pesos,Antonio Nariño - Bogotá D.C.
Dominar 400 Touring 2023,2023,17724000 pesos,Antonio Nariño - Bogotá D.C.
Dominar 250,2023,14449000 pesos,Bogota - Cundinamarca
Ns 200 Fi Pulsarmania,2023,11624000 pesos,Bogota - Cundinamarca
Boxer 150 X,2024,6899000 pesos,Teusaquillo - Bogotá D.C.
Pulsar 180 Fi Neon Pulsarmania ,2023,9474000 pesos,Teusaquillo - Bogotá D.C.
Honda Cb 190r Racing 2024,2023,13750000 pesos,Suba - Bogotá D.C.
Pulsar 180 Pro Fi Modelo 2023,2023,9474000 pesos,Teusaquillo - Bogotá D.C.
Pulsar Mania  Ns 160 Fi ,2023,9924000 pesos,Cali - Valle Del Cauca
Pulsar Ns 200 Fi Abs,2023,13024000 pesos,Cali - Valle Del Cauca
Boxer Ct 100 Es Alloy Titanium Credito Cali Valle,2023,6199000 pesos,Cali - Valle Del Cauca
Bajaj Pulsar Ns 200 Fi Abs Pulsarmania,2023,13699000 pesos,Antonio Nariño - Bogotá D.C.
Pulsar 150 Neon 2023,2022,8024000 pesos,Teusaquillo - Bogotá D.C.
Fz150 Yamaha  Modelo 2024,2024,10600000 pesos,Engativa - Bogotá D.C.
Pulsar Ns 200 Fi Abs Cali,2024,13399000 pesos,Cali - Valle Del Cauca
Boxer Ct 125 ,2024,6850000 pesos,Cali - Valle Del Cauca
Dominar D 400 Touring Accesorizada ,2024,18149000 pesos,Teusaquillo - Bogotá D.C.
Bajaj Pulsar N160,2024,10799000 pesos,Cali - Valle Del Cauca
Victory Black 171 2024,2024,12790000 pesos,Pereira - Risaralda
 Bajaj Platino 125,2024,6699000 pesos,Bello - Antioquia
Bajaj Torito 2023 La Dorada,2023,16690000 pesos,La Dorada - Caldas
Bajaj Boxer Ct 125  2024 La Dorada,2023,6850000 pesos,La Dorada - Caldas
Bajaj Pulsar N250 Fi Abs 2024  La Dorada,2023,14350000 pesos,La Dorada - Caldas
Bajaj Pulsar N250 Fi Abs 2024 Pereira,2023,14350000 pesos,Pereira - Risaralda
Can-am Maverick X3 Mr Turbo Rr,2023,214990000 pesos,Medellín - Antioquia
Suzuki Gixxer Fi 150 Modelo 2023 ,2023,10097000 pesos,Barrios Unidos - Bogotá D.C.
Pulsar N250 ,2024,13999000 pesos,Engativa - Bogotá D.C.
Honda Xr190l 2024 Bucaramanga ,2023,14315000 pesos,Bucaramanga - Santander
Honda Xr190l 2024 Huila,2023,14315000 pesos,Neiva - Huila
Honda Xr190l 2024 Tolima ,2023,14315000 pesos,Ibagué - Tolima
Honda Xr190l 2024 Popayán ,2023,14315000 pesos,Popayán - Cauca
Honda Xr190l 2024 Cedritos,2023,14315000 pesos,Usaquén - Bogotá D.C.
Honda Xr190l 2024 Venecia,2023,14315000 pesos,Tunjuelito - Bogotá D.C.
Boxer 150 X,2023,6899000 pesos,Cali - Valle Del Cauca
Magnifica Pulsar 180 ,2023,9274000 pesos,Antonio Nariño - Bogotá D.C.
Boxer Ct 125,2024,6850000 pesos,Cali - Valle Del Cauca
Discover St 125 A Credito Bogota ,2024,7674000 pesos,Antonio Nariño - Bogotá D.C.
Pulsar Rs 200 Fi Abs A Credito Bogota ,2024,13999000 pesos,Antonio Nariño - Bogotá D.C.
Pulsar 200 Fi 2023,2023,11324000 pesos,Antonio Nariño - Bogotá D.C.
Pulsar Rs 200 Fi Abs,2023,13774000 pesos,Antonio Nariño - Bogotá D.C.
Pulsar Ns 200 Fi Abs ,2023,12974000 pesos,Teusaquillo - Bogotá D.C.
Pulsar N 160 Fi Abs Dual ,2024,10799000 pesos,Teusaquillo - Bogotá D.C.
Pulsar Ns 200 Fi ,2024,11899000 pesos,Teusaquillo - Bogotá D.C.
Pulsar Ns 160 Fi Abs Modelo 2023 Pulsarmania ,2023,10324000 pesos,Teusaquillo - Bogotá D.C.
Dominar 250,2023,14299000 pesos,Engativa - Bogotá D.C.
Platino 125,2023,6399000 pesos,Engativa - Bogotá D.C.
Boxer 150 X,2023,6599000 pesos,Cali - Valle Del Cauca
Boxer Ct 100 Es Moto Financiada Cali,2023,5999000 pesos,Cali - Valle Del Cauca
Boxer Ct100 Es ,2023,5999000 pesos,Engativa - Bogotá D.C.
Dominar 400 Touring ,2023,17724000 pesos,Teusaquillo - Bogotá D.C.
Dominar 400 Ug2 Cali,2024,17999000 pesos,Cali - Valle Del Cauca
Tvs Apache 180 2023,2023,8999999 pesos,Barrios Unidos - Bogotá D.C.
Moto Cross 60cc 2 Tiempos Para Niños A Gasolina,2021,2200000 pesos,Medellín - Antioquia
Bajaj Pulsar Ns 160 Fi,2024,9999000 pesos,Cali - Valle Del Cauca
La Nueva Pulsar N 160 2024,2024,10999000 pesos,Puente Aranda - Bogotá D.C.
Honda Xre190 Abs,2024,17820000 pesos,Usaquén - Bogotá D.C.
Victory Advance R 125 2024 Tk,2024,6599000 pesos,Pereira - Risaralda
Victory Mrx 125 2023,2023,8139000 pesos,Pereira - Risaralda
Bajaj Boxer Ct 100ks ,2024,5999000 pesos,Bello - Antioquia
Bajaj Dominar 250 2024 Manizales,2023,14999000 pesos,Manizales - Caldas
Bajaj Discover 125 St-r 2024 La Dorada,2023,7674000 pesos,La Dorada - Caldas
"Honda , Pcx 160 Abs , Modelo 2024",2024,17550000 pesos,Barrios Unidos - Bogotá D.C.
Suzuki Gn 125f,2023,6628000 pesos,Barrios Unidos - Bogotá D.C.
Boxer Ct 100 Alloy,2024,6449000 pesos,Antonio Nariño - Bogotá D.C.
Pulsar N250 ,2024,14350000 pesos,Cali - Valle Del Cauca
Boxer Ct100 Alloy,2023,6199000 pesos,Antonio Nariño - Bogotá D.C.
Honda Navi 2024 Venecia,2023,7240000 pesos,Tunjuelito - Bogotá D.C.
Honda Navi 2024 Huila,2023,7240000 pesos,Neiva - Huila
Honda Navi 2024 Tolima,2023,7240000 pesos,Ibagué - Tolima
Honda Navi 2024 Popayan,2023,7240000 pesos,Popayán - Cauca
Honda Navi 2024 Cedritos,2023,7240000 pesos,Usaquén - Bogotá D.C.
Honda Navi 2024 Bucaramanga,2023,7240000 pesos,Bucaramanga - Santander
Boxer Ct 100 Titanium,2023,6199000 pesos,Puente Aranda - Bogotá D.C.
Triumph Tiger 900 Rally Pro,2023,108990000 pesos,Usaquén - Bogotá D.C.
Boxer X 150,2023,6599000 pesos,Antonio Nariño - Bogotá D.C.
Bajaj Pulsar  Ns 200 Fi Abs Nueva,2024,13399000 pesos,Medellín - Antioquia
Pulsar Ns 160 Fi Abs,2023,10074000 pesos,Antonio Nariño - Bogotá D.C.
Baja Pulsar Ns 160  ,2023,9624000 pesos,Engativa - Bogotá D.C.
Pulsar Ns 160 Fi,2024,9999000 pesos,Engativa - Bogotá D.C.
Pulsar Ns 200 Fi,2023,11324000 pesos,Bogota - Cundinamarca
Suzuki Gixxer Fi 150 Abs Modelo 2023 ,2023,11147000 pesos,Barrios Unidos - Bogotá D.C.
Ns 160 Fi,2023,9624000 pesos,Engativa - Bogotá D.C.
 Pulsar Ns 200 Fi Bajaj ,2023,11899000 pesos,Cali - Valle Del Cauca
Pulsar Ns 160 Fi Bajaj Abs,2023,10074000 pesos,Engativa - Bogotá D.C.
Pulsar 160 Fi 2023 Bogotá,2022,9624000 pesos,Engativa - Bogotá D.C.
Pulsar Ns 160 Fi 2023,2023,9624000 pesos,Engativa - Bogotá D.C.
Discover 125 2023 Pro ,2022,7599000 pesos,Teusaquillo - Bogotá D.C.
Pulsar Ns 200 Fi Abs 2023,2022,13324000 pesos,Teusaquillo - Bogotá D.C.
Xtz125 Yamaha Modelo 2023,2023,10500000 pesos,Engativa - Bogotá D.C.
R15 Yamaha Modelo 2023,2023,15450000 pesos,Engativa - Bogotá D.C.
Pulsar Ns 200 Fi Cali ,2024,11899000 pesos,Cali - Valle Del Cauca
Moto Ktm 390 Duke Ng Nueva Bucaramanga,2023,31990000 pesos,Bucaramanga - Santander
Bajaj Dominar D400,2023,17574000 pesos,Cali - Valle Del Cauca
Bajaj Discover Str 125 Sport,2024,7750000 pesos,Cali - Valle Del Cauca
Brp Can Am Maverick Sport 1000,2023,165990000 pesos,Chapinero - Bogotá D.C.
Bajaj Pulsarmania 200fi Abs ,2023,13324000 pesos,Bello - Antioquia
Bajaj Boxer 150x 2024 La Dorada,2023,6899000 pesos,La Dorada - Caldas
Bajaj Motocarro Maxima Cargo 2023 La Dorada,2023,18490000 pesos,La Dorada - Caldas
Bajaj Pulsar Ns 160 Fi 2024 Pereira,2023,9999000 pesos,Pereira - Risaralda
Bajaj Dominar 250 2024 Pereira,2023,14999000 pesos,Pereira - Risaralda
Bajaj Pulsar Ns 200 Fi 2024 La Dorada,2023,11899000 pesos,La Dorada - Caldas
"Honda , Dio 110, Modelo 2023",2023,7300000 pesos,Barrios Unidos - Bogotá D.C.
Pulsar 180,2023,9274000 pesos,Barrios Unidos - Bogotá D.C.
Dominar 250 Touring,2023,14774000 pesos,Barrios Unidos - Bogotá D.C.
Honda Pcx 160 Abs 2024 Venecia,2024,17550000 pesos,Tunjuelito - Bogotá D.C.
Suzuki Dr 150 ,2023,11130000 pesos,Barrios Unidos - Bogotá D.C.
Suzuki Gn 125 F Modelo 2023 ,2023,6628000 pesos,Barrios Unidos - Bogotá D.C.
Honda Xr150l 2024 Popayán ,2023,11130000 pesos,Popayán - Cauca
Honda Xr150l 2024 Huila ,2023,11130000 pesos,Neiva - Huila
Honda Xr150l 2024 Cedritos,2023,11130000 pesos,Usaquén - Bogotá D.C.
Honda Xr150l 2024 Venecia,2023,11130000 pesos,Tunjuelito - Bogotá D.C.
Honda Xr150l 2024 Tolima ,2023,11130000 pesos,Ibagué - Tolima
Honda Xr150l 2024 Bucaramanga ,2023,11130000 pesos,Bucaramanga - Santander
Dominar 400 Touring,2024,18149000 pesos,Antonio Nariño - Bogotá D.C.
Pulsar 125 ,2023,7674000 pesos,Antonio Nariño - Bogotá D.C.
Pulsar Ns 160 Fi A Credito Bogota ,2024,9999000 pesos,Antonio Nariño - Bogotá D.C.
Pulsar Ns 160 2023,2023,9624000 pesos,Engativa - Bogotá D.C.
Pulsar Ns 125 Modelo 2023 ,2023,7399000 pesos,Ciudad Bolívar - Bogotá D.C.
Suzuki  Gixxer 250 Naked Modelo 2024,2023,15580000 pesos,Barrios Unidos - Bogotá D.C.
Pulsar N 160 Fi Dual Abs 2024 Plata Mate  ,2024,10999000 pesos,Antonio Nariño - Bogotá D.C.
Pulsar Ns160 Fi,2023,9624000 pesos,Bogota - Cundinamarca
Discover 125 Pro,2023,7599000 pesos,Bogota - Cundinamarca
Boxer Ct 100 Es ,2023,5999000 pesos,Engativa - Bogotá D.C.
Dominar 400 Touring - Accesorizada,2023,17724000 pesos,Engativa - Bogotá D.C.
Pulsarmania Ns  200 Fi Abs.,2023,13324000 pesos,Antonio Nariño - Bogotá D.C.
Pulsar Rs 200 ,2023,13774000 pesos,Teusaquillo - Bogotá D.C.
Boxer Ct 100,2023,5849000 pesos,Engativa - Bogotá D.C.
Pulsar 180 Fi 2023 Edicion Pro,2023,9474000 pesos,Antonio Nariño - Bogotá D.C.
Nueva Apache 200 4v California. ,2023,11799000 pesos,Kennedy - Bogotá D.C.
Gixxer 250 Naked,2023,15580000 pesos,Barrios Unidos - Bogotá D.C.
Pulsar Rs 200 Fi Abs,2022,13999000 pesos,Engativa - Bogotá D.C.
Ct 100 Es Alloy Bajaj,2022,6449000 pesos,Engativa - Bogotá D.C.
Discover 125 St Bajaj,2023,7849000 pesos,Engativa - Bogotá D.C.
 Boxer Ct 100 Es Bajaj  ,2023,6350000 pesos,Cali - Valle Del Cauca
Dominar 400 Bajaj,2023,17380000 pesos,Engativa - Bogotá D.C.
Dominar 250 2023 Bogotá,2022,14449000 pesos,Engativa - Bogotá D.C.
Bajaj Pulsar Ns 160 Fi  2023,2023,9574000 pesos,Antonio Nariño - Bogotá D.C.
Pulsar Ns 160 Fi 2023 Pulsarmania ,2022,10374000 pesos,Teusaquillo - Bogotá D.C.
Yamaha Xtz150 Modelo 2024,2024,12700000 pesos,Engativa - Bogotá D.C.
Victory Mrx Arizona 200,2024,11490000 pesos,Kennedy - Bogotá D.C.
Victory Life 125 2024,2024,7649000 pesos,Barrios Unidos - Bogotá D.C.
Benelli 180s 2024,2023,13649000 pesos,Barrios Unidos - Bogotá D.C.
Motocarro Bajaj Modelo 2022,2023,22690000 pesos,Rafael Uribe Uribe - Bogotá D.C.
Yamaha  Tenere 700 2022,2023,69900000 pesos,Envigado - Antioquia
Kymco Agility Go 125 2024,2024,9769000 pesos,Pereira - Risaralda
Victory Nitro 125 2024,2024,6899000 pesos,Pereira - Risaralda
Yamaha Nmax 2024,2024,17800000 pesos,Suba - Bogotá D.C.
Bajaj Boxer Ct 125,2024,6850000 pesos,Bello - Antioquia
Bajaj Boxer Ct 100 Es Alloy,2024,6550000 pesos,Bello - Antioquia
Bajaj Pulsar 150neon ,2023,8024000 pesos,Bello - Antioquia
Bajaj Pulsar 180fi Neon ,2023,9274000 pesos,Bello - Antioquia
Bajaj Pulsar Rs 200,2023,13774000 pesos,Bello - Antioquia
Bajaj Boxer Ct 100 Es ,2024,6350000 pesos,Bello - Antioquia
Bajaj Pulsar Ns 200 Fi Abs ,2023,13399000 pesos,Bello - Antioquia
Bajaj Dominar 400 Touring Abs 2024 La Dorada,2023,18149000 pesos,La Dorada - Caldas
Bajaj Boxer Ct 100 Es 2024 La Dorada,2023,6350000 pesos,La Dorada - Caldas
Bajaj Boxer Ct 100 Es 2024 Pereira,2024,6350000 pesos,Pereira - Risaralda
Bajaj Dominar 400 Touring Abs 2024 Pereira,2023,18149000 pesos,Pereira - Risaralda
Honda Xr150l,2024,11130000 pesos,Suba - Bogotá D.C.
Nueva Honda Pcx160 2024!! ,2024,17550000 pesos,Suba - Bogotá D.C.
Dominar 400,2023,17724000 pesos,Barrios Unidos - Bogotá D.C.
"Honda , X-blade 160, Modelo 2023",2023,11600000 pesos,Barrios Unidos - Bogotá D.C.
Pulsar Ns 160,2023,9624000 pesos,Barrios Unidos - Bogotá D.C.
Honda Pcx 160 Abs 2024 Tolima ,2024,17550000 pesos,Ibagué - Tolima
Honda Pcx 160 Abs 2024 Huila ,2024,17550000 pesos,Neiva - Huila
Honda Pcx 160 Abs 2024 Cedritos,2024,17550000 pesos,Usaquén - Bogotá D.C.
Honda Pcx 160 Abs 2024 Bucaramanga ,2024,17550000 pesos,Bucaramanga - Santander
Honda Pcx 160 Abs 2024 Popayán ,2024,17550000 pesos,Popayán - Cauca
Pulsar Rs 200 Fi Abs,2023,13774000 pesos,Engativa - Bogotá D.C.
Honda Pcx 160 Abs 2024 Barranquilla ,2024,17550000 pesos,Barranquilla - Atlántico
Honda Pcx 160 Abs 2024 Cartagena ,2024,17550000 pesos,Cartagena De Indias - Bolívar
Honda Xre300 Abs Dlx 2024 Cedritos,2023,31100000 pesos,Usaquén - Bogotá D.C.
Honda Xre300 Abs Dlx 2024 Huila ,2023,31100000 pesos,Neiva - Huila
Honda Xre300 Abs Dlx 2024 Tolima ,2023,31100000 pesos,Ibagué - Tolima
Honda Xre300 Abs Dlx 2024 Popayán ,2023,31100000 pesos,Popayán - Cauca
Honda Xre300 Abs Dlx 2024 Venecia,2023,31100000 pesos,Tunjuelito - Bogotá D.C.
Honda Xre300 Abs Dlx 2024 Bucaramanga ,2023,31100000 pesos,Bucaramanga - Santander
Honda Wave110s 2024 Popayán ,2023,7770000 pesos,Popayán - Cauca
Honda Wave110s 2024 Tolima,2023,7770000 pesos,Ibagué - Tolima
Honda Wave110s 2024 Huila,2023,7770000 pesos,Neiva - Huila
Honda Wave110s 2024 Cedritos,2023,7770000 pesos,Usaquén - Bogotá D.C.
Honda Wave110s 2024 Venecia,2023,7770000 pesos,Tunjuelito - Bogotá D.C.
Honda Wave110s 2024 Bucaramanga ,2023,7770000 pesos,Bucaramanga - Santander
 Yamaha Crypton Fi  Edicion Especial White Modelo 2024 0 Km ,2024,8980000 pesos,Medellín - Antioquia
Pulsar N160 Dual Fi,2024,10799000 pesos,Cali - Valle Del Cauca
Dominar D 250 Bajaj,2023,14999000 pesos,Cali - Valle Del Cauca
Honda Xblade160 Abs 2024 Venecia,2023,11600000 pesos,Tunjuelito - Bogotá D.C.
Honda Xblade160 Abs 2024 Huila,2023,11600000 pesos,Neiva - Huila
Honda Xblade160 Abs 2024 Tolima ,2023,11600000 pesos,Ibagué - Tolima
Honda Xblade160 Abs 2024 Popayán,2023,11600000 pesos,Popayán - Cauca
Honda Xblade160 Abs 2024 Cedritos,2023,11600000 pesos,Usaquén - Bogotá D.C.
Honda Xblade160 Abs 2024 Bucaramanga,2023,11600000 pesos,Bucaramanga - Santander
Honda Cb125f 2024 Venecia,2023,7500000 pesos,Tunjuelito - Bogotá D.C.
Honda Cb125f 2024 Huila,2023,7500000 pesos,Neiva - Huila
Honda Cb125f 2024 Tolima,2023,7500000 pesos,Ibagué - Tolima
Honda Cb125f 2024 Cedritos,2023,7500000 pesos,Usaquén - Bogotá D.C.
Honda Cb125f 2024 Bucaramanga,2023,7500000 pesos,Bucaramanga - Santander
Boxer 150x,2024,6899000 pesos,Cali - Valle Del Cauca
Discover St-r 125 Modelo 2023 ,2023,7299000 pesos,Ciudad Bolívar - Bogotá D.C.
Boxer Ct 100 Modelo 2023 ,2023,5849000 pesos,Ciudad Bolívar - Bogotá D.C.
Bajaj Pulsar 180 Neon Fi ,2023,9274000 pesos,Engativa - Bogotá D.C.
Bajaj Pulsar Ns 125,2023,7524000 pesos,Engativa - Bogotá D.C.
Pulsar N 250,2023,13700000 pesos,Bogota - Cundinamarca
Bajaj Dominar 250 ,2023,14449000 pesos,Engativa - Bogotá D.C.
Bajaj Pulsar Ns 200 Fi Pulsarmania Nueva,2024,12199000 pesos,Medellín - Antioquia
Akt Dynamic Pro Nueva ,2024,8490000 pesos,Medellín - Antioquia
Dominar 400 Touring,2023,17724000 pesos,Engativa - Bogotá D.C.
Pulsar 180 Fi Neon,2024,9399000 pesos,Engativa - Bogotá D.C.
Boxer Ct 125 Modelo 2024,2023,6850000 pesos,Teusaquillo - Bogotá D.C.
Pulsar N 160 Fi Dual Abs ,2023,10799000 pesos,Teusaquillo - Bogotá D.C.
Apache Rr 310. Te Damos Obsequios,2022,26999000 pesos,Kennedy - Bogotá D.C.
Ktm 200 Duke L,2023,15490000 pesos,Kennedy - Bogotá D.C.
Ktm Rc 200 Ng Te Damos Obsequios ,2023,20990000 pesos,Kennedy - Bogotá D.C.
Raider 125. Entrega Inmediata ,2024,7699000 pesos,Kennedy - Bogotá D.C.
Nueva Apache Rtr 160 4v Fi. Te Damos Obsequios ,2024,10299000 pesos,Kennedy - Bogotá D.C.
Ktm 390 Duke Ng. Te Damos Obsequios ,2023,31990000 pesos,Kennedy - Bogotá D.C.
Suzuki Gixxer 250 Sf Modelo 2024,2024,16330000 pesos,Barrios Unidos - Bogotá D.C.
Honda Xblade 160 0k  - 2023,2023,11600000 pesos,Usaquén - Bogotá D.C.
Yamaha Szrr Modelo 2024 0km,2024,9450000 pesos,Medellín - Antioquia
Pulsar Ns 200 Fi,2023,11324000 pesos,Engativa - Bogotá D.C.
Maxima Cargo-torito Bajaj Modelo 2023,2023,19000000 pesos,Tunjuelito - Bogotá D.C.
Pulsar 160 Fi A Credito Cali Valle,2023,9624000 pesos,Cali - Valle Del Cauca
Pulsar Ns 125 Moto Financiada Cali,2023,7524000 pesos,Cali - Valle Del Cauca
Bajaj Pulsar Ns 200 Fi 2024,2023,11899000 pesos,Antonio Nariño - Bogotá D.C.
Dominar 250 Bajaj,2023,14724000 pesos,Engativa - Bogotá D.C.
Pulsar 150  2023 Bogotá,2022,8024000 pesos,Engativa - Bogotá D.C.
Discover St 125 2023 ,2022,7424000 pesos,Engativa - Bogotá D.C.
Platino 125 Financiada,2023,6624000 pesos,Engativa - Bogotá D.C.
Pulsar Ns 200 Fi 2023 Bogotá,2022,11324000 pesos,Engativa - Bogotá D.C.
Pulsar 180 Fi 2023  Pulsarmania ,2022,9474000 pesos,Teusaquillo - Bogotá D.C.
Pulsar N 250 ,2022,13999000 pesos,Teusaquillo - Bogotá D.C.
Yamaha Tenere 700  Mod 2023,2022,73000000 pesos,Engativa - Bogotá D.C.
 Fz250 Yamaha Modelo 2023,2023,15150000 pesos,Engativa - Bogotá D.C.
Nmax Connected Mod 2023 ,2023,15500000 pesos,Engativa - Bogotá D.C.
Yamaha Xtz250 Modelo 2023,2023,25500000 pesos,Engativa - Bogotá D.C.
Yamaha Mt03 Mod 2023,2023,32100000 pesos,Engativa - Bogotá D.C.
Discover  125 St Pro Cali,2024,7750000 pesos,Cali - Valle Del Cauca
Ktm Rc 390,2023,34990000 pesos,Barrios Unidos - Bogotá D.C.
Moto Cross   Freeride  190cc ,2021,12500000 pesos,Medellín - Antioquia
Ktm Duke 390 Adventure 2022,2022,31990000 pesos,Barrios Unidos - Bogotá D.C.
Tvs Apache 160 4v Fi 2024,2024,10199999 pesos,Barrios Unidos - Bogotá D.C.
Victory Venom 250 S Pro 2023,2022,11819000 pesos,Barrios Unidos - Bogotá D.C.
Moto Cross A Gasolina Para Niños Race 60cc Nueva,2021,2200000 pesos,Medellín - Antioquia
Yamaha Crypton T115 Fi Modelo 2024,2024,8400000 pesos,Medellín - Antioquia
Moto De Cross Highper 125cc,2023,8200000 pesos,Medellín - Antioquia
Tvs Apache Rtr 200 4v 2023,2023,10999999 pesos,Medellín - Antioquia
Bajaj Pulsar Ns 125,2023,7524000 pesos,Bello - Antioquia
Bajaj Pulsar 160fi ,2023,9624000 pesos,Bello - Antioquia
Bajaj Dominar D400,2023,17574000 pesos,Bello - Antioquia
Brp Can Am Maverick X3 Rs 2023,2023,237591000 pesos,Chapinero - Bogotá D.C.
Dominar 250 Touring,2023,15324000 pesos,Antonio Nariño - Bogotá D.C.
Aprilia Tuareg 660 0km 2023,2022,94990000 pesos,Suba - Bogotá D.C.
Moto Pitbike Cross 70 Cc,2023,5500000 pesos,Medellín - Antioquia
Cuatrimoto Ranchera 200cc 4 Tiempos Nueva Tao Motors,2023,13900000 pesos,Medellín - Antioquia
Cross Moto Para Niño 60 A Gasolina 2 Tiempos,2021,2200000 pesos,Medellín - Antioquia
Cuatrimoto A Gasolina 50cc Paraniños A Gasolina,2023,2900000 pesos,Medellín - Antioquia
Victory Nitro 125,2021,7199000 pesos,Kennedy - Bogotá D.C.
"Benelli Tnt 150i, Fuel Injection",2023,10290000 pesos,Kennedy - Bogotá D.C.
Ktm Duke 200 Acc 2023,2023,14590000 pesos,Barrios Unidos - Bogotá D.C.
Cuatrimoto Ranchera 200cc Tao Motors Nueva Trocha ,2023,13900000 pesos,Medellín - Antioquia
Moto Para Niños A Gasolina 4 Tiempos  Pitbike,2023,4600000 pesos,Medellín - Antioquia
Cuatrimoto Srm 110cc 4 Tiempos Raptor Trocha,2023,4600000 pesos,Medellín - Antioquia
Piaggio Vespa Vxl 150 Negra 2023,2023,14990000 pesos,Chapinero - Bogotá D.C.
Tvs Ntoqr 125 Fi Modelo 2024,2022,9799999 pesos,Barrios Unidos - Bogotá D.C.
Bajaj Dominar 400 Modelo 2024,2024,19000000 pesos,Puente Aranda - Bogotá D.C.
Aprilia Sr Gt 200,2023,25990000 pesos,Suba - Bogotá D.C.
Victory Venom 14 2024,2024,7999000 pesos,Pereira - Risaralda
Pulsar 180 Neon Fi 2024,2024,9399000 pesos,Medellín - Antioquia
Pulsar Ns 200 Fi Abs Pulsarmania ,2024,13699000 pesos,Medellín - Antioquia
Pulsarmania 125 Bajaj,2023,7899000 pesos,Antonio Nariño - Bogotá D.C.
Yamaha Fz-15 White Gold Edición Exclusiva Modelo 2024,2024,10850000 pesos,Medellín - Antioquia
Hero Ignitor 125 2023,2022,6990000 pesos,Popayán - Cauca
Moto Tvs Sport 100 Kls Spoke  Nueva Bucaramanga,2024,5899999 pesos,Bucaramanga - Santander
Yamaha Mt15 Mod 2024,2024,16000000 pesos,Engativa - Bogotá D.C.
Dominar 400 Touring 2024,2024,18149000 pesos,Medellín - Antioquia
Pulsar Ns 200 Fi Pulsarmania 2024,2024,12199000 pesos,Medellín - Antioquia
Discover 125 Str-pro 2024,2024,7849000 pesos,Medellín - Antioquia
Pulsar N250 Fi Abs 2024,2024,14350000 pesos,Medellín - Antioquia
Pulsar Ns 160 Fi 2024,2024,9999000 pesos,Medellín - Antioquia
Pulsar Ns 125 Edicion Pulsarmania 2024,2024,7899000 pesos,Medellín - Antioquia
Pulsar Ns 160 Fi Abs 2024,2024,10499000 pesos,Medellín - Antioquia
Pulsar 150 Neon 2024,2024,8199000 pesos,Medellín - Antioquia
Boxer Ct 100 Es Titanium 2024,2024,6550000 pesos,Medellín - Antioquia
Kymco Xciting 400,2023,36000000 pesos,Suba - Bogotá D.C.
Dynamic Klassic 125,2024,7290000 pesos,Medellín - Antioquia
Flex 125 Led,2024,6090000 pesos,Medellín - Antioquia
Piaggio Vespa Vxl 150cc Blanca 2023,2023,14990000 pesos,Chapinero - Bogotá D.C.
Dominar 250 Pro ,2023,14774000 pesos,Medellín - Antioquia
Yamaha Ycz 110 Modelo 2024 0 Km ,2024,6500000 pesos,Medellín - Antioquia
 Yamaha Crypton Goat Edición Especial Modelo 2024,2024,8700000 pesos,Medellín - Antioquia
Motocarro Tipo Carro De Basura Volqueta 2024,2022,26700000 pesos,Engativa - Bogotá D.C.
Bomber 150,2023,7549000 pesos,Kennedy - Bogotá D.C.
Motocarro Bajaj En Estacas 2024,2022,24000000 pesos,Engativa - Bogotá D.C.
Motocarro Torito Bajaj 2023  + Puertas Y Cortinas ,2022,17700000 pesos,Engativa - Bogotá D.C.
Motocarro Bajaj Carga Platón 2024,2022,21000000 pesos,Engativa - Bogotá D.C.
Mrx 150,2023,9549000 pesos,Kennedy - Bogotá D.C.
Ycf Pitbike Nuevas 50cc 88cc 125cc 150cc 190cc,2021,6100000 pesos,Medellín - Antioquia
Pulsar N160 2024,2024,10799000 pesos,Medellín - Antioquia
Pulsar Ns 200 Fi 2024,2024,11899000 pesos,Medellín - Antioquia
Pulsar Ns 200 Fi Abs 2024,2024,13399000 pesos,Medellín - Antioquia
Boxer Ct 125 2024,2024,6850000 pesos,Medellín - Antioquia
Boxer Ct 100 Es 2024,2024,6350000 pesos,Medellín - Antioquia
Boxer Ct100 Ks 2024,2024,5999000 pesos,Medellín - Antioquia
Karguero 3w 200,2024,15690000 pesos,Medellín - Antioquia
Dinamic Pro 125,2024,8490000 pesos,Medellín - Antioquia
Discover 125 Night,2023,7599000 pesos,Medellín - Antioquia
Ycz110 Edición Especial Gold Modelo 2024,2024,6710000 pesos,Medellín - Antioquia
Starker Reactor 2023,2023,6499999 pesos,Barrios Unidos - Bogotá D.C.
Victory Black 2023,2024,12990000 pesos,Barrios Unidos - Bogotá D.C.
Cuatrimoto Commander 125cc  ,2023,6900000 pesos,Medellín - Antioquia
Moto Guzzi V85tt Modelo 2022,2022,75990000 pesos,Suba - Bogotá D.C.
Aprilia Tuareg 660 Modelo 2022,2022,74990000 pesos,Suba - Bogotá D.C.
Aprilia Sr Gt 200cc Frenos Abs,2023,25990000 pesos,Manizales - Caldas
Pulsar 150,2023,8024000 pesos,Medellín - Antioquia
Tt 200 Ds Rally,2024,9690000 pesos,Medellín - Antioquia
Nkd 125,2024,5490000 pesos,Medellín - Antioquia
Tt Ds 200,2024,8990000 pesos,Medellín - Antioquia
Ttr 200 ,2023,8590000 pesos,Medellín - Antioquia
Moto Carro Torito Bajaj ,2023,16690000 pesos,Medellín - Antioquia
Yamaha Fz25 Edición Especial Ice 2024 0km ,2024,15800000 pesos,Medellín - Antioquia
Yamaha Fz 25 Dark Edición Exclusiva Modelo 2024,2024,15570000 pesos,Medellín - Antioquia
Victory Bomber 125 2024,2022,5349000 pesos,Barrios Unidos - Bogotá D.C.
Pulsar 125 ,2024,7699000 pesos,Medellín - Antioquia
Hunk 160 Fi Hero 2023,2022,9999000 pesos,Popayán - Cauca
Hero Eco 100 2024,2022,5199000 pesos,Popayán - Cauca
Yamaha Crypton Dark White Edición Especial Modelo 2024,2024,8700000 pesos,Medellín - Antioquia
Moto Tvs Ntorq 125 Xconnect Nueva Bucaramanga,2023,8399999 pesos,Bucaramanga - Santander
Moto Pit Bike Cross Plr  50  Cc  ,2022,4800000 pesos,Medellín - Antioquia
Yamaha Xtz 150 Modelo 2024,2024,12800000 pesos,Medellín - Antioquia
Ycz110 Edición Especial Dark Modelo 2024,2024,6720000 pesos,Medellín - Antioquia
Victory Nitro 125 2023,2021,7199000 pesos,Barrios Unidos - Bogotá D.C.
Motocarro Tipo Volqueta Vaisand Modelo 2024,2022,23700000 pesos,Engativa - Bogotá D.C.
Cuatrimoto 125cc Tao Motors Coyote Ranchera Nueva,2023,7500000 pesos,Medellín - Antioquia
Yamaha Xtz 125 Modelo 2024,2024,10500000 pesos,Medellín - Antioquia
Ignitor,2023,7190000 pesos,Barrios Unidos - Bogotá D.C.
Pulsar Rs 200 ,2023,13774000 pesos,Kennedy - Bogotá D.C.
Hero Xpulse 200 Fi - 2024,2024,12399000 pesos,Puente Aranda - Bogotá D.C.
Cuatrimoto 200 Cc ,2023,12400000 pesos,Medellín - Antioquia
Ktm  890 Adventure ,2022,74990000 pesos,Barranquilla - Atlántico
Hero Xpluse 200 - 2024,2024,12399000 pesos,Puente Aranda - Bogotá D.C.
Ktm 890 Duke R ,2023,71990000 pesos,Barranquilla - Atlántico
Bajaj Boxer 150x - 2024,2024,6599000 pesos,Puente Aranda - Bogotá D.C.
Ktm 390 Adventure 2022,2022,31990000 pesos,Barranquilla - Atlántico
Ktm Duke 890 Gp,2023,65990000 pesos,Barranquilla - Atlántico
Kawasaki,2023,57990000 pesos,Suba - Bogotá D.C.
Vespa Gts 300 Supertech,2023,56990000 pesos,Suba - Bogotá D.C.
Yamaha Fz 150 Edición Especial White Gold 2024 0km,2024,10850000 pesos,Medellín - Antioquia
Platino 125 ,2024,6699000 pesos,Medellín - Antioquia
Yamaha Raptor 90 Modelo 2024 0 Km ,2024,20000000 pesos,Medellín - Antioquia
Apache Rtr 160 4v Xconnect Nueva Bucaramanga,2024,9699999 pesos,Bucaramanga - Santander
Ycf 125cc Pilot Nueva Cross Enduro Pitbike,2023,7100000 pesos,Medellín - Antioquia
Cross Srm Por X 110cc Cross Automatica,2023,4400000 pesos,Medellín - Antioquia
Victory Mrx 150 2024,2023,9549000 pesos,Barrios Unidos - Bogotá D.C.
Kawasaki Zx10r,2023,119990000 pesos,Medellín - Antioquia
Bajaj Pulsar N250 - 2024,2024,13999000 pesos,Puente Aranda - Bogotá D.C.
Hero Dash 125 Fi - 2024,2024,8190000 pesos,Puente Aranda - Bogotá D.C.
Highper Proracing 250cc Proracing,2023,25000000 pesos,Medellín - Antioquia
Thriller,2023,7990000 pesos,Barrios Unidos - Bogotá D.C.
Dominar 400,2023,17430000 pesos,Bogota - Cundinamarca
Cuatrimoto   550cc   4x4   ,2023,40000000 pesos,Medellín - Antioquia
Hero Hunk 160 - 2024,2024,10125000 pesos,Puente Aranda - Bogotá D.C.
Bajaj Boxer 150x - 2024,2024,6599000 pesos,Puente Aranda - Bogotá D.C.
Bajaj Dominar 400 Touring - 2024,2024,18149000 pesos,Puente Aranda - Bogotá D.C.
Bajaj Pulsar 200 - 2024,2024,13399000 pesos,Puente Aranda - Bogotá D.C.
Suzuki Gixxer 250 Sf - 2024,2024,16330000 pesos,Puente Aranda - Bogotá D.C.
Suzuki Gsx-r150 Abs ,2024,15260000 pesos,Puente Aranda - Bogotá D.C.
Akt Nkd 125 - 2024,2024,5490000 pesos,Puente Aranda - Bogotá D.C.
Suzuki Gn 125 - 2024,2024,6628000 pesos,Puente Aranda - Bogotá D.C.
Kawasaki Z900,2023,66990000 pesos,Medellín - Antioquia
Ktm 200 Duke,2023,14990000 pesos,Barranquilla - Atlántico
Cuatrimoto Sportrax Plr 125cc Raptor Semiautomática Motor 4t,2023,6699900 pesos,Pereira - Risaralda
Cuatrimoto Plr 300cc 4x4 Con Bajo Automática,2023,27900000 pesos,Pereira - Risaralda
Ktm 200 Duke Ng 2023 ,2023,16990000 pesos,Barranquilla - Atlántico
Husqvarna - Svartpilen 401 ,2023,25990000 pesos,Barranquilla - Atlántico
Kymco Agility Go,2024,9999000 pesos,Medellín - Antioquia
Pulsar Rs 200 Fi Abs,2023,13999000 pesos,Antonio Nariño - Bogotá D.C.
Boxer 150x 2023,2023,6599000 pesos,Teusaquillo - Bogotá D.C.
Cuatrimoto Polar 110 Motor 4t,2023,4900000 pesos,Medellín - Antioquia
Cuatrimoto   300cc   4x4    ,2023,28000000 pesos,Medellín - Antioquia
Suzuki Gn 125  Modelo 2024 - Financiación,2023,6898000 pesos,Usaquén - Bogotá D.C.
Suzuki,2023,23800000 pesos,Suba - Bogotá D.C.
Yamaha Tenere 700 Cc700 Modelo 2022,2022,66900000 pesos,Sabaneta - Antioquia
 Yamaha Mt 15 Modelo 2024,2024,16000000 pesos,Medellín - Antioquia
Victory Bomber 150 2024 ¡fácil Financiación! ,2023,7549000 pesos,Medellín - Antioquia
Bajaj Boxer Ct100 - 2024,2024,6350000 pesos,Puente Aranda - Bogotá D.C.
Motocarro Cabinado Con Carpa Natsuki ,2023,20320000 pesos,Barranquilla - Atlántico
Benelli Trk251 2023,2023,21490000 pesos,Kennedy - Bogotá D.C.
Moto Dirt Bike   Apollo  125cc,2023,9000000 pesos,Medellín - Antioquia
Bajaj Dominar 400 - 2024,2024,17999000 pesos,Puente Aranda - Bogotá D.C.
Ycf 150 Bigy Mx 2022 ,2022,11500000 pesos,Barranquilla - Atlántico
Moto 2023,2023,1900000 pesos,Chía - Cundinamarca
Moto Kymco Agility Fusion 125cc. Nueva Bucaramanga,2024,10499000 pesos,Bucaramanga - Santander
Akt Cr4 162 - 2024,2024,7690000 pesos,Puente Aranda - Bogotá D.C.
Cuatrimoto 250cc Raptor 2022 Nuevas  P L R,2022,15999900 pesos,Pereira - Risaralda
Apollo Rfz Rfz Apollo,2023,9500000 pesos,Medellín - Antioquia
Venom 18,2024,9499000 pesos,Kennedy - Bogotá D.C.
Brp Can Am Maverick X3 Xrs Turbo Rr Smart Shoxx 2023,2023,244791000 pesos,Chapinero - Bogotá D.C.
Benelli Tnt 150 2024 ¡fácil Financiación!,2024,10990000 pesos,Medellín - Antioquia
Apollo Rfz Rxf Apollo Rfz Rxf,2023,6900000 pesos,Medellín - Antioquia
Enduro- Cross 300 Cc Plr,2023,17000000 pesos,Medellín - Antioquia
Chopper Moto Electrica Scooter,2021,4700000 pesos,Medellín - Antioquia
Harley Davidson Panamerica Special,2022,161800000 pesos,Medellín - Antioquia
Pulsar 125 Ns 2024 ¡llévala Con La Mejor Retoma!,2023,7699000 pesos,Medellín - Antioquia
Pulsar 200 Ns Fi Abs 2024 ¡crédito Fácil Y Rápido!,2023,13399000 pesos,Medellín - Antioquia
Moto Victory Advance R 110 Trakku Nueva Bucaramanga,2024,6399000 pesos,Bucaramanga - Santander
Moto Victory Bomber  150cc  Nueva Bucaramanga,2024,7549000 pesos,Bucaramanga - Santander
Moto Enduro - Victory Mrx 150cc Nueva Bucaramanga,2024,9549000 pesos,Bucaramanga - Santander
Gixxer 250 Suzuki 2024,2024,15580000 pesos,Usaquén - Bogotá D.C.
Kawasaki Z1000 H2,2023,124990000 pesos,Suba - Bogotá D.C.
Yamaha Ttr110,2023,14000000 pesos,Bucaramanga - Santander
Honda Xadv 750,2023,89000000 pesos,Medellín - Antioquia
Nueva Vespa Gts Supersport 300 Modelo 2023,2023,52990000 pesos,Suba - Bogotá D.C.
Cuatrimoto Plr Buggie Utv 550cc 4x4 2022,2023,48999900 pesos,Pereira - Risaralda
Kawasaki,2023,36000000 pesos,Suba - Bogotá D.C.
Piaggio Active 1 Modelo 2023,2023,17990000 pesos,Suba - Bogotá D.C.
Kawasaki,2023,120000000 pesos,Suba - Bogotá D.C.
Kawasaki,2023,99990000 pesos,Suba - Bogotá D.C.
Kawasaki,2023,66990000 pesos,Suba - Bogotá D.C.
Moto Guzzi V9 Bobber,2022,69990000 pesos,Suba - Bogotá D.C.
Kawasaki,2023,37990000 pesos,Suba - Bogotá D.C.
Piaggio Mymoover Modelo 2023,2023,59990000 pesos,Suba - Bogotá D.C.
Rfz Apollo Rfz,2023,9500000 pesos,Medellín - Antioquia
Akt Cr4 125,2024,6840000 pesos,Medellín - Antioquia
Motocarro 350cc Con Gato Hidráulico Natsuki 2023,2023,23190000 pesos,Barranquilla - Atlántico
Yamaha Mt 03 Modelo 2023 0 Km,2023,35000000 pesos,Medellín - Antioquia
Yahama,2023,1870000 pesos,Chía - Cundinamarca
Apollo Rfz Apollo Rfz,2023,9500000 pesos,Medellín - Antioquia
Natsuki Furgon  Aislado .,2023,23140000 pesos,Barranquilla - Atlántico
Motocarro Furgon En Fibra De Vidrio Natsuki,2023,25340000 pesos,Barranquilla - Atlántico
Benelli 180 S 2024 ¡fácil Financiación!,2023,13649000 pesos,Medellín - Antioquia
Vespa Vxl 150cc Roja 2023,2023,14990000 pesos,Chapinero - Bogotá D.C.
Bóxer Ct 100 Es 2024 ¡llévala Con La Mejor Retoma!,2023,6350000 pesos,Medellín - Antioquia
Yamaha Fz-15 Dark Edición Exclusiva Modelo 2024,2024,10720000 pesos,Medellín - Antioquia
Moto Victory Advance R 125 Trakku Nueva Bucaramanga,2024,6699000 pesos,Bucaramanga - Santander
Yamaha Szrr 2.0 Modelo 2024,2024,9500000 pesos,Medellín - Antioquia
Tvs Sport Els Sp 100 2024,2022,6299999 pesos,Barrios Unidos - Bogotá D.C.
Cuatrimoto Raptor 250 Cc Plr,2023,16400000 pesos,Medellín - Antioquia
Suzuki Gixxer 250 Fi Abs - 2024,2024,14840000 pesos,Puente Aranda - Bogotá D.C.
Suzuki Gn 125 - 2024,2024,6628000 pesos,Puente Aranda - Bogotá D.C.
Yamaha Nmax,2024,18500000 pesos,Medellín - Antioquia
Vespa Vxl 150 Modelo 2023,2023,14990000 pesos,Suba - Bogotá D.C.
Vespa New Gts Super Modelo 2023,2023,49990000 pesos,Suba - Bogotá D.C.
Boxer S 2024,2024,5499000 pesos,Medellín - Antioquia
Harley Davidson Breakout ,2022,154800000 pesos,Medellín - Antioquia
Honda X-adv 750,2023,84000000 pesos,Medellín - Antioquia
Harley Davidson Road Glide Special,2022,188800000 pesos,Medellín - Antioquia
Yamaha Crypton Fi Edicion Especial Dark Modelo 2024 0 Km ,2024,8400000 pesos,Medellín - Antioquia
Yamaha Nmax Connected 2024,2024,18200000 pesos,Medellín - Antioquia
Yamaha Fz25 Edicion Especial Dark Modelo 2024 0km,2023,15450000 pesos,Medellín - Antioquia
Ktm 2023,2023,1900000 pesos,Chía - Cundinamarca
Yamaha 2023,2023,1900000 pesos,Chía - Cundinamarca
Ktm 2022,2023,1900000 pesos,Chía - Cundinamarca
Tvs Apache Rtr 200 4v Xconnect 2024 ¡bono De $300.000!,2023,11499999 pesos,Medellín - Antioquia
Motocarro Furgon Con Cabina Natsuki,2023,24440000 pesos,Barranquilla - Atlántico
Yamaha Nmax  0 Km Modelo 2023,2023,18700000 pesos,Engativa - Bogotá D.C.
Moto 2023,2023,3900000 pesos,Chía - Cundinamarca
Yamaha Szrr Edición Especial Silver Modelo 2023 0km,2023,9570000 pesos,Medellín - Antioquia
Yamaha Crypton Fi Edicion Especial Wolf Modelo 2024 0km,2024,8700000 pesos,Medellín - Antioquia
Yamaha Szrr Edicion Especial Dorado Gold Modelo 2024 0 Km ,2024,9690000 pesos,Medellín - Antioquia
Bajaj Boxer S Pro,2022,5499000 pesos,Medellín - Antioquia
Yamaha Fz 25 Abs  Gold Edición Exclusiva Modelo 2024,2024,15700000 pesos,Medellín - Antioquia
Yamaha Fz 25 Abs Goat Edición Exclusiva Modelo 2024,2024,15750000 pesos,Medellín - Antioquia
 Tvs Apache Rtr 200 4v Xconnect Fi + Abs Nueva Bucaramanga,2023,13599999 pesos,Bucaramanga - Santander
Pulsar 160 Ns Fi 2024 ¡la Mejor Retoma!,2024,9999000 pesos,Medellín - Antioquia
Victory Mrx 125 2024 ¡llévala Con Bono De $250.000!,2023,8339000 pesos,Medellín - Antioquia
Tvs Apache 180 2023 ¡llevala Con Bono De $300.000! ,2023,8999000 pesos,Medellín - Antioquia
Pulsar 180 Fi 2024 ¡llévala Con La Mejor Retoma!  ,2023,9399000 pesos,Medellín - Antioquia
Victory Life 125 2024 ¡bono De $200.000!,2023,7649000 pesos,Medellín - Antioquia
Motocarro Carga Bajaj  2024 Tipo Furgón,2022,26000000 pesos,Engativa - Bogotá D.C.
Cuatrimoto Raptor 150cc 4 Tiempos Nueva Tao Motors,2023,8500000 pesos,Medellín - Antioquia
Hero Hunk 160 - 2024,2024,10125000 pesos,Puente Aranda - Bogotá D.C.
Suzuki Gixxer 250 Sf - 2024,2024,15230000 pesos,Puente Aranda - Bogotá D.C.
Hero Splendor  Xpro - 2024,2024,6599000 pesos,Puente Aranda - Bogotá D.C.
Cuatrimoto Raptor Sportrax 125  Cc ,2023,6700000 pesos,Medellín - Antioquia
Raptor Plr Y-45,2023,8000000 pesos,Medellín - Antioquia
Moto Enduro Plr 250cc,2023,12500000 pesos,Medellín - Antioquia
Harley Davidson Fatbob ,2022,154800000 pesos,Medellín - Antioquia
Yamaha,2023,3800000 pesos,Chía - Cundinamarca
Yamaha Xtz 250 Modelo 2024 0 Km ,2024,25100000 pesos,Medellín - Antioquia
Honda Dio 110 Dlx 2024 Huila ,2023,7595000 pesos,Neiva - Huila
Honda Dio 110 Dlx 2024 Cedritos,2023,7595000 pesos,Usaquén - Bogotá D.C.
Honda Dio 110 Dlx 2024 Tolima ,2023,7595000 pesos,Ibagué - Tolima
Honda Dio 110 Dlx 2024 Venecia,2023,7595000 pesos,Tunjuelito - Bogotá D.C.
Honda Dio 110 Dlx 2024 Popayán ,2023,7595000 pesos,Popayán - Cauca
Honda Dio 110 Dlx 2024 Bucaramanga ,2023,7595000 pesos,Bucaramanga - Santander
Piaggio 1 Active Electrica ,2023,19990000 pesos,Manizales - Caldas
Harley Davidson Pan América Special,2022,162800000 pesos,Barranquilla - Atlántico
Yamaha 2023,2023,1870000 pesos,Chía - Cundinamarca
Yamaha 2023,2023,1900000 pesos,Chía - Cundinamarca
Ntorq 125 2024 Fi ¡tenemos La Mejor Retoma De La Ciudad!,2024,9799999 pesos,Medellín - Antioquia
Gsx-r 150 Abs Modelo 2024 Suzuki,2023,15260000 pesos,Usaquén - Bogotá D.C.
Cuatrimoto Plr Raptor 200 Cc,2023,12000000 pesos,Medellín - Antioquia
Yamaha Fz-15 Goat Edición Exclusiva Modelo 2024,2024,10850000 pesos,Medellín - Antioquia
Dominar 400 Pro Sport Modelo 2023 (nueva) ¡bono De $400.000!,2023,17874000 pesos,Medellín - Antioquia
Thriller 150 Hero 2024,2022,7990000 pesos,Popayán - Cauca
Yamaha Fz 25 Storm Edición Exclusiva Modelo 2024,2024,15900000 pesos,Medellín - Antioquia
Victory Mrx 150 2024 !bono De $250.000!  ,2023,9549000 pesos,Medellín - Antioquia
Vespa Sprint 150 Modelo 2023,2023,31990000 pesos,Suba - Bogotá D.C.
Hero,2023,5790000 pesos,Popayán - Cauca
Motocarro Estaca Natsuki ,2023,21640000 pesos,Barranquilla - Atlántico
Yamaha Fz 25 Abs Ice Edición Exclusiva Modelo 2024,2024,15800000 pesos,Medellín - Antioquia
Moto Victory Black 171 Cc. Nueva Bucaramanga,2024,12990000 pesos,Bucaramanga - Santander
Moto Victory Life  125cc Nueva Bucaramanga,2024,7649000 pesos,Bucaramanga - Santander
Moto Semiautomática Victory One Mp Trakku Nueva Bucaramanga,2024,5999000 pesos,Bucaramanga - Santander
Suzuki Dr 150 - Modelo 2023 - Financiación,2023,10930000 pesos,Usaquén - Bogotá D.C.
Yamaha Nmax,2024,18800000 pesos,Medellín - Antioquia
Ktm 890,2022,80163671 pesos,Medellín - Antioquia
Spots Glide ,2022,134800000 pesos,Barranquilla - Atlántico
Bajaj Pulsar N250,2023,13999000 pesos,Antonio Nariño - Bogotá D.C.
Apache 200 Fi Abs  2024 ¡con La Mejor Financiación!,2023,13599999 pesos,Medellín - Antioquia
Yamaha Ttr 50 Modelo 2024 0 Km ,2024,7800000 pesos,Medellín - Antioquia
Victory Bold Pro 125 Modelo 2024 ¡ahora Con Maletero! ,2023,8899000 pesos,Medellín - Antioquia
Discover 125 Str 2024 Pro ¡llévala Con La Mejor Retoma!,2023,7849000 pesos,Medellín - Antioquia
Moto Benelli  180s  Nueva Bucaramanga,2024,13649000 pesos,Bucaramanga - Santander
Yamaha Ycz 110 Edicion Especial Gold Modelo 2024 0 Km ,2024,6740000 pesos,Medellín - Antioquia
Vespa Vxl 150cc Con Frenos Abs,2023,14990000 pesos,Manizales - Caldas
Vespa Vxl 150 Con Frenos Abs,2023,14990000 pesos,Manizales - Caldas
Vespa Vxl 150 Con Frenos Abs.,2023,14990000 pesos,Manizales - Caldas
Vespa Vxl 150cc Con Frenos Abs,2023,14990000 pesos,Manizales - Caldas
Transmisión Completa 8/24 Natsuki ,2023,1547000 pesos,Barranquilla - Atlántico
Suzuki 2023,2024,8300000 pesos,Bucaramanga - Santander
Moto Benelli Tnt 150i Nueva Bucaramanga,2024,10990000 pesos,Bucaramanga - Santander
Bola Del Diferencial 8/24 Natsuki ,2023,1500000 pesos,Barranquilla - Atlántico
Motor Natsuki 200cc,2023,2142000 pesos,Barranquilla - Atlántico
Suzuki 2023,2023,10630000 pesos,Bucaramanga - Santander
Moto Victory Nitro 125cc  Nueva Bucaramanga,2024,7199000 pesos,Bucaramanga - Santander
Vespa Gts Super 300,2022,36990000 pesos,Manizales - Caldas
Suzuki 2023,2024,10530000 pesos,Bucaramanga - Santander
Suzuki 2023,2024,10867000 pesos,Bucaramanga - Santander
